-- phpMyAdmin SQL Dump
-- version 5.2.1
-- https://www.phpmyadmin.net/
--
-- Host: 127.0.0.1
-- Generation Time: Feb 04, 2026 at 04:51 AM
-- Server version: 10.4.32-MariaDB
-- PHP Version: 8.2.12

SET SQL_MODE = "NO_AUTO_VALUE_ON_ZERO";
START TRANSACTION;
SET time_zone = "+00:00";


/*!40101 SET @OLD_CHARACTER_SET_CLIENT=@@CHARACTER_SET_CLIENT */;
/*!40101 SET @OLD_CHARACTER_SET_RESULTS=@@CHARACTER_SET_RESULTS */;
/*!40101 SET @OLD_COLLATION_CONNECTION=@@COLLATION_CONNECTION */;
/*!40101 SET NAMES utf8mb4 */;

--
-- Database: `opticrew`
--

-- --------------------------------------------------------

--
-- Table structure for table `alerts`
--

CREATE TABLE `alerts` (
  `id` bigint(20) UNSIGNED NOT NULL,
  `task_id` bigint(20) UNSIGNED NOT NULL,
  `alert_type` varchar(255) NOT NULL,
  `delay_minutes` int(11) DEFAULT NULL,
  `reason` text DEFAULT NULL,
  `triggered_at` timestamp NOT NULL DEFAULT current_timestamp() ON UPDATE current_timestamp(),
  `acknowledged_at` timestamp NULL DEFAULT NULL,
  `acknowledged_by` bigint(20) UNSIGNED DEFAULT NULL,
  `created_at` timestamp NULL DEFAULT NULL,
  `updated_at` timestamp NULL DEFAULT NULL
) ENGINE=InnoDB DEFAULT CHARSET=utf8mb4 COLLATE=utf8mb4_unicode_ci;

-- --------------------------------------------------------

--
-- Table structure for table `attendances`
--

CREATE TABLE `attendances` (
  `id` bigint(20) UNSIGNED NOT NULL,
  `employee_id` bigint(20) UNSIGNED NOT NULL,
  `clock_in` timestamp NULL DEFAULT NULL,
  `clock_out` timestamp NULL DEFAULT NULL,
  `clock_in_latitude` decimal(10,8) DEFAULT NULL,
  `clock_in_longitude` decimal(11,8) DEFAULT NULL,
  `clock_out_latitude` decimal(10,8) DEFAULT NULL,
  `clock_out_longitude` decimal(11,8) DEFAULT NULL,
  `clock_in_distance` decimal(8,2) DEFAULT NULL COMMENT 'Distance in meters from office',
  `clock_out_distance` decimal(8,2) DEFAULT NULL COMMENT 'Distance in meters from office',
  `total_minutes_worked` int(11) DEFAULT NULL,
  `created_at` timestamp NULL DEFAULT NULL,
  `updated_at` timestamp NULL DEFAULT NULL,
  `status` varchar(50) DEFAULT 'present',
  `hours_worked` decimal(5,2) DEFAULT NULL,
  `clock_out_time` timestamp NULL DEFAULT NULL,
  `total_break_minutes` int(11) DEFAULT 0,
  `notes` text DEFAULT NULL
) ENGINE=InnoDB DEFAULT CHARSET=utf8mb4 COLLATE=utf8mb4_unicode_ci;

--
-- Dumping data for table `attendances`
--

INSERT INTO `attendances` (`id`, `employee_id`, `clock_in`, `clock_out`, `clock_in_latitude`, `clock_in_longitude`, `clock_out_latitude`, `clock_out_longitude`, `clock_in_distance`, `clock_out_distance`, `total_minutes_worked`, `created_at`, `updated_at`, `status`, `hours_worked`, `clock_out_time`, `total_break_minutes`, `notes`) VALUES
(1, 1, '2025-10-02 10:52:23', '2025-10-02 11:42:23', NULL, NULL, NULL, NULL, NULL, NULL, 90, '2025-10-02 10:52:17', '2025-10-02 10:52:40', 'present', NULL, NULL, 0, NULL),
(3, 8, '2025-10-02 10:52:23', '2025-10-02 11:42:23', NULL, NULL, NULL, NULL, NULL, NULL, 90, '2025-10-02 10:52:17', '2025-10-02 10:52:40', 'present', NULL, NULL, 0, NULL),
(5, 2, '2025-08-18 21:47:00', '2025-08-18 23:25:00', NULL, NULL, NULL, NULL, NULL, NULL, 181, '2025-10-02 19:21:13', '2025-10-02 19:21:13', 'present', NULL, NULL, 0, NULL),
(6, 2, '2025-09-02 18:59:00', '2025-09-02 22:05:00', NULL, NULL, NULL, NULL, NULL, NULL, 196, '2025-10-02 19:21:13', '2025-10-02 19:21:13', 'present', NULL, NULL, 0, NULL),
(7, 2, '2025-09-10 17:18:00', '2025-09-10 22:19:00', NULL, NULL, NULL, NULL, NULL, NULL, 270, '2025-10-02 19:21:13', '2025-10-02 19:21:13', 'present', NULL, NULL, 0, NULL),
(8, 2, '2025-07-24 19:09:00', '2025-07-24 21:39:00', NULL, NULL, NULL, NULL, NULL, NULL, 180, '2025-10-02 19:21:13', '2025-10-02 19:21:13', 'present', NULL, NULL, 0, NULL),
(9, 2, '2025-06-30 17:14:00', '2025-06-30 20:34:00', NULL, NULL, NULL, NULL, NULL, NULL, 241, '2025-10-02 19:21:13', '2025-10-02 19:21:13', 'present', NULL, NULL, 0, NULL),
(10, 2, '2025-08-04 17:53:00', '2025-08-04 20:50:00', NULL, NULL, NULL, NULL, NULL, NULL, 167, '2025-10-02 19:21:13', '2025-10-02 19:21:13', 'present', NULL, NULL, 0, NULL),
(11, 2, '2025-09-12 18:36:00', '2025-09-12 19:29:00', NULL, NULL, NULL, NULL, NULL, NULL, 53, '2025-10-02 19:21:13', '2025-10-02 19:21:13', 'present', NULL, NULL, 0, NULL),
(12, 2, '2025-08-03 21:56:00', '2025-08-03 22:50:00', NULL, NULL, NULL, NULL, NULL, NULL, 54, '2025-10-02 19:21:13', '2025-10-02 19:21:13', 'present', NULL, NULL, 0, NULL),
(13, 2, '2025-08-06 20:30:00', '2025-08-06 21:40:00', NULL, NULL, NULL, NULL, NULL, NULL, 70, '2025-10-02 19:21:13', '2025-10-02 19:21:13', 'present', NULL, NULL, 0, NULL),
(14, 2, '2025-07-25 21:36:00', '2025-07-25 23:57:00', NULL, NULL, NULL, NULL, NULL, NULL, 186, '2025-10-02 19:21:13', '2025-10-02 19:21:13', 'present', NULL, NULL, 0, NULL),
(16, 2, '2025-07-09 19:41:00', '2025-07-09 23:23:00', NULL, NULL, NULL, NULL, NULL, NULL, 141, '2025-10-02 19:21:13', '2025-10-02 19:21:13', 'present', NULL, NULL, 0, NULL),
(17, 2, '2025-09-24 19:39:00', '2025-09-24 23:43:00', NULL, NULL, NULL, NULL, NULL, NULL, 159, '2025-10-02 19:21:13', '2025-10-02 19:21:13', 'present', NULL, NULL, 0, NULL),
(18, 2, '2025-09-04 17:13:00', '2025-09-04 22:41:00', NULL, NULL, NULL, NULL, NULL, NULL, 254, '2025-10-02 19:21:13', '2025-10-02 19:21:13', 'present', NULL, NULL, 0, NULL),
(19, 2, '2025-09-03 17:19:00', '2025-09-03 22:57:00', NULL, NULL, NULL, NULL, NULL, NULL, 300, '2025-10-02 19:21:13', '2025-10-02 19:21:13', 'present', NULL, NULL, 0, NULL),
(20, 2, '2025-09-14 17:13:00', '2025-09-14 22:39:00', NULL, NULL, NULL, NULL, NULL, NULL, 305, '2025-10-02 19:21:13', '2025-10-02 19:21:13', 'present', NULL, NULL, 0, NULL),
(21, 2, '2025-07-18 21:08:00', '2025-07-18 22:03:00', NULL, NULL, NULL, NULL, NULL, NULL, 55, '2025-10-02 19:21:13', '2025-10-02 19:21:13', 'present', NULL, NULL, 0, NULL),
(22, 2, '2025-07-28 17:39:00', '2025-07-28 22:00:00', NULL, NULL, NULL, NULL, NULL, NULL, 131, '2025-10-02 19:21:13', '2025-10-02 19:21:13', 'present', NULL, NULL, 0, NULL),
(23, 2, '2025-09-22 22:51:00', '2025-09-23 00:05:00', NULL, NULL, NULL, NULL, NULL, NULL, 74, '2025-10-02 19:21:13', '2025-10-02 19:21:13', 'present', NULL, NULL, 0, NULL),
(24, 2, '2025-08-05 21:52:00', '2025-08-05 22:44:00', NULL, NULL, NULL, NULL, NULL, NULL, 52, '2025-10-02 19:21:13', '2025-10-02 19:21:13', 'present', NULL, NULL, 0, NULL),
(25, 2, '2025-08-22 18:33:00', '2025-08-22 19:50:00', NULL, NULL, NULL, NULL, NULL, NULL, 77, '2025-10-02 19:21:13', '2025-10-02 19:21:13', 'present', NULL, NULL, 0, NULL),
(26, 2, '2025-09-25 20:24:00', '2025-09-25 22:19:00', NULL, NULL, NULL, NULL, NULL, NULL, 132, '2025-10-02 19:21:13', '2025-10-02 19:21:13', 'present', NULL, NULL, 0, NULL),
(27, 2, '2025-07-06 21:09:00', '2025-07-06 22:12:00', NULL, NULL, NULL, NULL, NULL, NULL, 63, '2025-10-02 19:21:13', '2025-10-02 19:21:13', 'present', NULL, NULL, 0, NULL),
(29, 2, '2025-09-15 19:11:00', '2025-09-15 20:20:00', NULL, NULL, NULL, NULL, NULL, NULL, 69, '2025-10-02 19:21:13', '2025-10-02 19:21:13', 'present', NULL, NULL, 0, NULL),
(30, 2, '2025-09-26 17:47:00', '2025-09-26 20:02:00', NULL, NULL, NULL, NULL, NULL, NULL, 184, '2025-10-02 19:21:13', '2025-10-02 19:21:13', 'present', NULL, NULL, 0, NULL),
(31, 2, '2025-09-17 19:45:00', '2025-09-17 22:42:00', NULL, NULL, NULL, NULL, NULL, NULL, 173, '2025-10-02 19:21:13', '2025-10-02 19:21:13', 'present', NULL, NULL, 0, NULL),
(32, 2, '2025-07-14 19:19:00', '2025-07-14 22:26:00', NULL, NULL, NULL, NULL, NULL, NULL, 109, '2025-10-02 19:21:13', '2025-10-02 19:21:13', 'present', NULL, NULL, 0, NULL),
(33, 2, '2025-08-11 19:22:00', '2025-08-11 20:13:00', NULL, NULL, NULL, NULL, NULL, NULL, 51, '2025-10-02 19:21:13', '2025-10-02 19:21:13', 'present', NULL, NULL, 0, NULL),
(34, 2, '2025-09-18 18:30:00', '2025-09-18 23:26:00', NULL, NULL, NULL, NULL, NULL, NULL, 258, '2025-10-02 19:21:13', '2025-10-02 19:21:13', 'present', NULL, NULL, 0, NULL),
(35, 2, '2025-08-28 21:08:00', '2025-08-28 22:19:00', NULL, NULL, NULL, NULL, NULL, NULL, 71, '2025-10-02 19:21:13', '2025-10-02 19:21:13', 'present', NULL, NULL, 0, NULL),
(37, 2, '2025-08-29 21:46:00', '2025-08-29 22:41:00', NULL, NULL, NULL, NULL, NULL, NULL, 55, '2025-10-02 19:21:13', '2025-10-02 19:21:13', 'present', NULL, NULL, 0, NULL),
(38, 2, '2025-09-13 17:39:00', '2025-09-13 19:08:00', NULL, NULL, NULL, NULL, NULL, NULL, 132, '2025-10-02 19:21:13', '2025-10-02 19:21:13', 'present', NULL, NULL, 0, NULL),
(39, 2, '2025-08-31 18:11:00', '2025-08-31 20:35:00', NULL, NULL, NULL, NULL, NULL, NULL, 141, '2025-10-02 19:21:13', '2025-10-02 19:21:13', 'present', NULL, NULL, 0, NULL),
(40, 2, '2025-08-13 19:39:00', '2025-08-13 20:45:00', NULL, NULL, NULL, NULL, NULL, NULL, 66, '2025-10-02 19:21:13', '2025-10-02 19:21:13', 'present', NULL, NULL, 0, NULL),
(41, 2, '2025-07-16 17:02:00', '2025-07-16 17:55:00', NULL, NULL, NULL, NULL, NULL, NULL, 53, '2025-10-02 19:21:13', '2025-10-02 19:21:13', 'present', NULL, NULL, 0, NULL),
(42, 2, '2025-08-16 18:07:00', '2025-08-16 22:30:00', NULL, NULL, NULL, NULL, NULL, NULL, 124, '2025-10-02 19:21:13', '2025-10-02 19:21:13', 'present', NULL, NULL, 0, NULL),
(43, 2, '2025-07-19 18:35:00', '2025-07-19 20:27:00', NULL, NULL, NULL, NULL, NULL, NULL, 104, '2025-10-02 19:21:13', '2025-10-02 19:21:13', 'present', NULL, NULL, 0, NULL),
(45, 2, '2025-07-11 17:42:00', '2025-07-11 22:32:00', NULL, NULL, NULL, NULL, NULL, NULL, 133, '2025-10-02 19:21:13', '2025-10-02 19:21:13', 'present', NULL, NULL, 0, NULL),
(46, 2, '2025-09-11 21:19:00', '2025-09-11 22:06:00', NULL, NULL, NULL, NULL, NULL, NULL, 47, '2025-10-02 19:21:13', '2025-10-02 19:21:13', 'present', NULL, NULL, 0, NULL),
(47, 2, '2025-07-26 20:47:00', '2025-07-26 21:43:00', NULL, NULL, NULL, NULL, NULL, NULL, 56, '2025-10-02 19:21:13', '2025-10-02 19:21:13', 'present', NULL, NULL, 0, NULL),
(49, 2, '2025-07-21 20:59:00', '2025-07-21 23:15:00', NULL, NULL, NULL, NULL, NULL, NULL, 133, '2025-10-02 19:21:13', '2025-10-02 19:21:13', 'present', NULL, NULL, 0, NULL),
(50, 2, '2025-07-02 18:33:00', '2025-07-02 23:54:00', NULL, NULL, NULL, NULL, NULL, NULL, 119, '2025-10-02 19:21:13', '2025-10-02 19:21:13', 'present', NULL, NULL, 0, NULL),
(51, 2, '2025-09-07 17:05:00', '2025-09-07 20:39:00', NULL, NULL, NULL, NULL, NULL, NULL, 200, '2025-10-02 19:21:13', '2025-10-02 19:21:13', 'present', NULL, NULL, 0, NULL),
(52, 2, '2025-07-27 18:41:00', '2025-07-27 23:41:00', NULL, NULL, NULL, NULL, NULL, NULL, 258, '2025-10-02 19:21:13', '2025-10-02 19:21:13', 'present', NULL, NULL, 0, NULL),
(54, 2, '2025-07-01 18:29:00', '2025-07-01 23:31:00', NULL, NULL, NULL, NULL, NULL, NULL, 190, '2025-10-02 19:21:13', '2025-10-02 19:21:13', 'present', NULL, NULL, 0, NULL),
(56, 2, '2025-08-01 18:50:00', '2025-08-01 19:45:00', NULL, NULL, NULL, NULL, NULL, NULL, 55, '2025-10-02 19:21:13', '2025-10-02 19:21:13', 'present', NULL, NULL, 0, NULL),
(58, 2, '2025-07-10 19:54:00', '2025-07-10 23:14:00', NULL, NULL, NULL, NULL, NULL, NULL, 292, '2025-10-02 19:21:13', '2025-10-02 19:21:13', 'present', NULL, NULL, 0, NULL),
(64, 2, '2025-09-21 19:31:00', '2025-09-21 20:53:00', NULL, NULL, NULL, NULL, NULL, NULL, 121, '2025-10-02 19:21:13', '2025-10-02 19:21:13', 'present', NULL, NULL, 0, NULL),
(65, 2, '2025-07-04 21:16:00', '2025-07-04 22:23:00', NULL, NULL, NULL, NULL, NULL, NULL, 67, '2025-10-02 19:21:13', '2025-10-02 19:21:13', 'present', NULL, NULL, 0, NULL),
(66, 2, '2025-09-20 21:42:00', '2025-09-20 22:54:00', NULL, NULL, NULL, NULL, NULL, NULL, 72, '2025-10-02 19:21:13', '2025-10-02 19:21:13', 'present', NULL, NULL, 0, NULL),
(71, 2, '2025-07-30 20:56:00', '2025-07-30 23:26:00', NULL, NULL, NULL, NULL, NULL, NULL, 203, '2025-10-02 19:21:13', '2025-10-02 19:21:13', 'present', NULL, NULL, 0, NULL),
(73, 2, '2025-08-12 19:00:00', '2025-08-12 20:04:00', NULL, NULL, NULL, NULL, NULL, NULL, 64, '2025-10-02 19:21:13', '2025-10-02 19:21:13', 'present', NULL, NULL, 0, NULL),
(74, 2, '2025-07-12 17:06:00', '2025-07-12 18:00:00', NULL, NULL, NULL, NULL, NULL, NULL, 54, '2025-10-02 19:21:13', '2025-10-02 19:21:13', 'present', NULL, NULL, 0, NULL),
(87, 2, '2025-08-09 17:53:00', '2025-08-09 19:07:00', NULL, NULL, NULL, NULL, NULL, NULL, 144, '2025-10-02 19:21:13', '2025-10-02 19:21:13', 'present', NULL, NULL, 0, NULL),
(93, 2, '2025-09-23 20:49:00', '2025-09-23 22:06:00', NULL, NULL, NULL, NULL, NULL, NULL, 77, '2025-10-02 19:21:13', '2025-10-02 19:21:13', 'present', NULL, NULL, 0, NULL),
(96, 2, '2025-09-27 20:45:00', '2025-09-27 21:34:00', NULL, NULL, NULL, NULL, NULL, NULL, 49, '2025-10-02 19:21:13', '2025-10-02 19:21:13', 'present', NULL, NULL, 0, NULL),
(97, 2, '2025-08-10 19:23:00', '2025-08-10 23:20:00', NULL, NULL, NULL, NULL, NULL, NULL, 166, '2025-10-02 19:21:13', '2025-10-02 19:21:13', 'present', NULL, NULL, 0, NULL),
(107, 2, '2025-08-24 18:32:00', '2025-08-24 19:48:00', NULL, NULL, NULL, NULL, NULL, NULL, 76, '2025-10-02 19:21:13', '2025-10-02 19:21:13', 'present', NULL, NULL, 0, NULL),
(109, 2, '2025-08-30 21:57:00', '2025-08-30 22:50:00', NULL, NULL, NULL, NULL, NULL, NULL, 53, '2025-10-02 19:21:13', '2025-10-02 19:21:13', 'present', NULL, NULL, 0, NULL),
(110, 2, '2025-07-23 20:17:00', '2025-07-23 21:23:00', NULL, NULL, NULL, NULL, NULL, NULL, 66, '2025-10-02 19:21:13', '2025-10-02 19:21:13', 'present', NULL, NULL, 0, NULL),
(111, 2, '2025-07-29 18:07:00', '2025-07-29 22:19:00', NULL, NULL, NULL, NULL, NULL, NULL, 109, '2025-10-02 19:21:13', '2025-10-02 19:21:13', 'present', NULL, NULL, 0, NULL),
(112, 2, '2025-09-05 22:25:00', '2025-09-05 23:39:00', NULL, NULL, NULL, NULL, NULL, NULL, 74, '2025-10-02 19:21:13', '2025-10-02 19:21:13', 'present', NULL, NULL, 0, NULL),
(113, 2, '2025-08-08 21:32:00', '2025-08-08 22:45:00', NULL, NULL, NULL, NULL, NULL, NULL, 73, '2025-10-02 19:21:13', '2025-10-02 19:21:13', 'present', NULL, NULL, 0, NULL),
(127, 2, '2025-07-17 17:42:00', '2025-07-17 18:46:00', NULL, NULL, NULL, NULL, NULL, NULL, 64, '2025-10-02 19:21:13', '2025-10-02 19:21:13', 'present', NULL, NULL, 0, NULL),
(130, 2, '2025-09-19 20:36:00', '2025-09-19 21:30:00', NULL, NULL, NULL, NULL, NULL, NULL, 54, '2025-10-02 19:21:13', '2025-10-02 19:21:13', 'present', NULL, NULL, 0, NULL),
(135, 7, '2025-08-18 21:47:00', '2025-08-18 23:25:00', NULL, NULL, NULL, NULL, NULL, NULL, 181, '2025-10-02 19:21:13', '2025-10-02 19:21:13', 'present', NULL, NULL, 0, NULL),
(136, 7, '2025-09-02 18:59:00', '2025-09-02 22:05:00', NULL, NULL, NULL, NULL, NULL, NULL, 196, '2025-10-02 19:21:13', '2025-10-02 19:21:13', 'present', NULL, NULL, 0, NULL),
(137, 7, '2025-09-10 17:18:00', '2025-09-10 22:19:00', NULL, NULL, NULL, NULL, NULL, NULL, 270, '2025-10-02 19:21:13', '2025-10-02 19:21:13', 'present', NULL, NULL, 0, NULL),
(138, 7, '2025-07-24 19:09:00', '2025-07-24 21:39:00', NULL, NULL, NULL, NULL, NULL, NULL, 180, '2025-10-02 19:21:13', '2025-10-02 19:21:13', 'present', NULL, NULL, 0, NULL),
(139, 7, '2025-06-30 17:14:00', '2025-06-30 20:34:00', NULL, NULL, NULL, NULL, NULL, NULL, 241, '2025-10-02 19:21:13', '2025-10-02 19:21:13', 'present', NULL, NULL, 0, NULL),
(140, 7, '2025-08-04 17:53:00', '2025-08-04 20:50:00', NULL, NULL, NULL, NULL, NULL, NULL, 167, '2025-10-02 19:21:13', '2025-10-02 19:21:13', 'present', NULL, NULL, 0, NULL),
(141, 7, '2025-09-12 18:36:00', '2025-09-12 19:29:00', NULL, NULL, NULL, NULL, NULL, NULL, 53, '2025-10-02 19:21:13', '2025-10-02 19:21:13', 'present', NULL, NULL, 0, NULL),
(142, 7, '2025-08-03 21:56:00', '2025-08-03 22:50:00', NULL, NULL, NULL, NULL, NULL, NULL, 54, '2025-10-02 19:21:13', '2025-10-02 19:21:13', 'present', NULL, NULL, 0, NULL),
(143, 7, '2025-08-06 20:30:00', '2025-08-06 21:40:00', NULL, NULL, NULL, NULL, NULL, NULL, 70, '2025-10-02 19:21:13', '2025-10-02 19:21:13', 'present', NULL, NULL, 0, NULL),
(144, 7, '2025-07-25 21:36:00', '2025-07-25 23:57:00', NULL, NULL, NULL, NULL, NULL, NULL, 186, '2025-10-02 19:21:13', '2025-10-02 19:21:13', 'present', NULL, NULL, 0, NULL),
(146, 7, '2025-07-09 19:41:00', '2025-07-09 23:23:00', NULL, NULL, NULL, NULL, NULL, NULL, 141, '2025-10-02 19:21:13', '2025-10-02 19:21:13', 'present', NULL, NULL, 0, NULL),
(147, 7, '2025-09-24 19:39:00', '2025-09-24 23:43:00', NULL, NULL, NULL, NULL, NULL, NULL, 159, '2025-10-02 19:21:13', '2025-10-02 19:21:13', 'present', NULL, NULL, 0, NULL),
(148, 7, '2025-09-04 17:13:00', '2025-09-04 22:41:00', NULL, NULL, NULL, NULL, NULL, NULL, 254, '2025-10-02 19:21:13', '2025-10-02 19:21:13', 'present', NULL, NULL, 0, NULL),
(149, 7, '2025-09-03 17:19:00', '2025-09-03 22:57:00', NULL, NULL, NULL, NULL, NULL, NULL, 300, '2025-10-02 19:21:13', '2025-10-02 19:21:13', 'present', NULL, NULL, 0, NULL),
(150, 7, '2025-09-14 17:13:00', '2025-09-14 22:39:00', NULL, NULL, NULL, NULL, NULL, NULL, 305, '2025-10-02 19:21:13', '2025-10-02 19:21:13', 'present', NULL, NULL, 0, NULL),
(151, 7, '2025-07-18 21:08:00', '2025-07-18 22:03:00', NULL, NULL, NULL, NULL, NULL, NULL, 55, '2025-10-02 19:21:13', '2025-10-02 19:21:13', 'present', NULL, NULL, 0, NULL),
(152, 7, '2025-07-28 17:39:00', '2025-07-28 22:00:00', NULL, NULL, NULL, NULL, NULL, NULL, 131, '2025-10-02 19:21:13', '2025-10-02 19:21:13', 'present', NULL, NULL, 0, NULL),
(153, 7, '2025-09-22 22:51:00', '2025-09-23 00:05:00', NULL, NULL, NULL, NULL, NULL, NULL, 74, '2025-10-02 19:21:13', '2025-10-02 19:21:13', 'present', NULL, NULL, 0, NULL),
(154, 7, '2025-08-05 21:52:00', '2025-08-05 22:44:00', NULL, NULL, NULL, NULL, NULL, NULL, 52, '2025-10-02 19:21:13', '2025-10-02 19:21:13', 'present', NULL, NULL, 0, NULL),
(155, 7, '2025-08-22 18:33:00', '2025-08-22 19:50:00', NULL, NULL, NULL, NULL, NULL, NULL, 77, '2025-10-02 19:21:13', '2025-10-02 19:21:13', 'present', NULL, NULL, 0, NULL),
(156, 7, '2025-09-25 20:24:00', '2025-09-25 22:19:00', NULL, NULL, NULL, NULL, NULL, NULL, 132, '2025-10-02 19:21:13', '2025-10-02 19:21:13', 'present', NULL, NULL, 0, NULL),
(157, 7, '2025-07-06 21:09:00', '2025-07-06 22:12:00', NULL, NULL, NULL, NULL, NULL, NULL, 63, '2025-10-02 19:21:13', '2025-10-02 19:21:13', 'present', NULL, NULL, 0, NULL),
(159, 7, '2025-09-15 19:11:00', '2025-09-15 20:20:00', NULL, NULL, NULL, NULL, NULL, NULL, 69, '2025-10-02 19:21:13', '2025-10-02 19:21:13', 'present', NULL, NULL, 0, NULL),
(160, 7, '2025-09-26 17:47:00', '2025-09-26 20:02:00', NULL, NULL, NULL, NULL, NULL, NULL, 184, '2025-10-02 19:21:13', '2025-10-02 19:21:13', 'present', NULL, NULL, 0, NULL),
(161, 7, '2025-09-17 19:45:00', '2025-09-17 22:42:00', NULL, NULL, NULL, NULL, NULL, NULL, 173, '2025-10-02 19:21:13', '2025-10-02 19:21:13', 'present', NULL, NULL, 0, NULL),
(162, 7, '2025-07-14 19:19:00', '2025-07-14 22:26:00', NULL, NULL, NULL, NULL, NULL, NULL, 109, '2025-10-02 19:21:13', '2025-10-02 19:21:13', 'present', NULL, NULL, 0, NULL),
(163, 7, '2025-08-11 19:22:00', '2025-08-11 20:13:00', NULL, NULL, NULL, NULL, NULL, NULL, 51, '2025-10-02 19:21:13', '2025-10-02 19:21:13', 'present', NULL, NULL, 0, NULL),
(164, 7, '2025-09-18 18:30:00', '2025-09-18 23:26:00', NULL, NULL, NULL, NULL, NULL, NULL, 258, '2025-10-02 19:21:13', '2025-10-02 19:21:13', 'present', NULL, NULL, 0, NULL),
(165, 7, '2025-08-28 21:08:00', '2025-08-28 22:19:00', NULL, NULL, NULL, NULL, NULL, NULL, 71, '2025-10-02 19:21:13', '2025-10-02 19:21:13', 'present', NULL, NULL, 0, NULL),
(167, 7, '2025-08-29 21:46:00', '2025-08-29 22:41:00', NULL, NULL, NULL, NULL, NULL, NULL, 55, '2025-10-02 19:21:13', '2025-10-02 19:21:13', 'present', NULL, NULL, 0, NULL),
(168, 7, '2025-09-13 17:39:00', '2025-09-13 19:08:00', NULL, NULL, NULL, NULL, NULL, NULL, 132, '2025-10-02 19:21:13', '2025-10-02 19:21:13', 'present', NULL, NULL, 0, NULL),
(169, 7, '2025-08-31 18:11:00', '2025-08-31 20:35:00', NULL, NULL, NULL, NULL, NULL, NULL, 141, '2025-10-02 19:21:13', '2025-10-02 19:21:13', 'present', NULL, NULL, 0, NULL),
(170, 7, '2025-08-13 19:39:00', '2025-08-13 20:45:00', NULL, NULL, NULL, NULL, NULL, NULL, 66, '2025-10-02 19:21:13', '2025-10-02 19:21:13', 'present', NULL, NULL, 0, NULL),
(171, 7, '2025-07-16 17:02:00', '2025-07-16 17:55:00', NULL, NULL, NULL, NULL, NULL, NULL, 53, '2025-10-02 19:21:13', '2025-10-02 19:21:13', 'present', NULL, NULL, 0, NULL),
(172, 7, '2025-08-16 18:07:00', '2025-08-16 22:30:00', NULL, NULL, NULL, NULL, NULL, NULL, 124, '2025-10-02 19:21:13', '2025-10-02 19:21:13', 'present', NULL, NULL, 0, NULL),
(173, 7, '2025-07-19 18:35:00', '2025-07-19 20:27:00', NULL, NULL, NULL, NULL, NULL, NULL, 104, '2025-10-02 19:21:13', '2025-10-02 19:21:13', 'present', NULL, NULL, 0, NULL),
(175, 7, '2025-07-11 17:42:00', '2025-07-11 22:32:00', NULL, NULL, NULL, NULL, NULL, NULL, 133, '2025-10-02 19:21:13', '2025-10-02 19:21:13', 'present', NULL, NULL, 0, NULL),
(176, 7, '2025-09-11 21:19:00', '2025-09-11 22:06:00', NULL, NULL, NULL, NULL, NULL, NULL, 47, '2025-10-02 19:21:13', '2025-10-02 19:21:13', 'present', NULL, NULL, 0, NULL),
(177, 7, '2025-07-26 20:47:00', '2025-07-26 21:43:00', NULL, NULL, NULL, NULL, NULL, NULL, 56, '2025-10-02 19:21:13', '2025-10-02 19:21:13', 'present', NULL, NULL, 0, NULL),
(179, 7, '2025-07-21 20:59:00', '2025-07-21 23:15:00', NULL, NULL, NULL, NULL, NULL, NULL, 133, '2025-10-02 19:21:13', '2025-10-02 19:21:13', 'present', NULL, NULL, 0, NULL),
(180, 7, '2025-07-02 18:33:00', '2025-07-02 23:54:00', NULL, NULL, NULL, NULL, NULL, NULL, 119, '2025-10-02 19:21:13', '2025-10-02 19:21:13', 'present', NULL, NULL, 0, NULL),
(181, 7, '2025-09-07 17:05:00', '2025-09-07 20:39:00', NULL, NULL, NULL, NULL, NULL, NULL, 200, '2025-10-02 19:21:13', '2025-10-02 19:21:13', 'present', NULL, NULL, 0, NULL),
(182, 7, '2025-07-27 18:41:00', '2025-07-27 23:41:00', NULL, NULL, NULL, NULL, NULL, NULL, 258, '2025-10-02 19:21:13', '2025-10-02 19:21:13', 'present', NULL, NULL, 0, NULL),
(184, 7, '2025-07-01 18:29:00', '2025-07-01 23:31:00', NULL, NULL, NULL, NULL, NULL, NULL, 190, '2025-10-02 19:21:13', '2025-10-02 19:21:13', 'present', NULL, NULL, 0, NULL),
(186, 7, '2025-08-01 18:50:00', '2025-08-01 19:45:00', NULL, NULL, NULL, NULL, NULL, NULL, 55, '2025-10-02 19:21:13', '2025-10-02 19:21:13', 'present', NULL, NULL, 0, NULL),
(188, 7, '2025-07-10 19:54:00', '2025-07-10 23:14:00', NULL, NULL, NULL, NULL, NULL, NULL, 292, '2025-10-02 19:21:13', '2025-10-02 19:21:13', 'present', NULL, NULL, 0, NULL),
(194, 7, '2025-09-21 19:31:00', '2025-09-21 20:53:00', NULL, NULL, NULL, NULL, NULL, NULL, 121, '2025-10-02 19:21:13', '2025-10-02 19:21:13', 'present', NULL, NULL, 0, NULL),
(195, 7, '2025-07-04 21:16:00', '2025-07-04 22:23:00', NULL, NULL, NULL, NULL, NULL, NULL, 67, '2025-10-02 19:21:13', '2025-10-02 19:21:13', 'present', NULL, NULL, 0, NULL),
(196, 7, '2025-09-20 21:42:00', '2025-09-20 22:54:00', NULL, NULL, NULL, NULL, NULL, NULL, 72, '2025-10-02 19:21:13', '2025-10-02 19:21:13', 'present', NULL, NULL, 0, NULL),
(201, 7, '2025-07-30 20:56:00', '2025-07-30 23:26:00', NULL, NULL, NULL, NULL, NULL, NULL, 203, '2025-10-02 19:21:13', '2025-10-02 19:21:13', 'present', NULL, NULL, 0, NULL),
(203, 7, '2025-08-12 19:00:00', '2025-08-12 20:04:00', NULL, NULL, NULL, NULL, NULL, NULL, 64, '2025-10-02 19:21:13', '2025-10-02 19:21:13', 'present', NULL, NULL, 0, NULL),
(204, 7, '2025-07-12 17:06:00', '2025-07-12 18:00:00', NULL, NULL, NULL, NULL, NULL, NULL, 54, '2025-10-02 19:21:13', '2025-10-02 19:21:13', 'present', NULL, NULL, 0, NULL),
(217, 7, '2025-08-09 17:53:00', '2025-08-09 19:07:00', NULL, NULL, NULL, NULL, NULL, NULL, 144, '2025-10-02 19:21:13', '2025-10-02 19:21:13', 'present', NULL, NULL, 0, NULL),
(223, 7, '2025-09-23 20:49:00', '2025-09-23 22:06:00', NULL, NULL, NULL, NULL, NULL, NULL, 77, '2025-10-02 19:21:13', '2025-10-02 19:21:13', 'present', NULL, NULL, 0, NULL),
(226, 7, '2025-09-27 20:45:00', '2025-09-27 21:34:00', NULL, NULL, NULL, NULL, NULL, NULL, 49, '2025-10-02 19:21:13', '2025-10-02 19:21:13', 'present', NULL, NULL, 0, NULL),
(227, 7, '2025-08-10 19:23:00', '2025-08-10 23:20:00', NULL, NULL, NULL, NULL, NULL, NULL, 166, '2025-10-02 19:21:13', '2025-10-02 19:21:13', 'present', NULL, NULL, 0, NULL),
(237, 7, '2025-08-24 18:32:00', '2025-08-24 19:48:00', NULL, NULL, NULL, NULL, NULL, NULL, 76, '2025-10-02 19:21:13', '2025-10-02 19:21:13', 'present', NULL, NULL, 0, NULL),
(239, 7, '2025-08-30 21:57:00', '2025-08-30 22:50:00', NULL, NULL, NULL, NULL, NULL, NULL, 53, '2025-10-02 19:21:13', '2025-10-02 19:21:13', 'present', NULL, NULL, 0, NULL),
(240, 7, '2025-07-23 20:17:00', '2025-07-23 21:23:00', NULL, NULL, NULL, NULL, NULL, NULL, 66, '2025-10-02 19:21:13', '2025-10-02 19:21:13', 'present', NULL, NULL, 0, NULL),
(241, 7, '2025-07-29 18:07:00', '2025-07-29 22:19:00', NULL, NULL, NULL, NULL, NULL, NULL, 109, '2025-10-02 19:21:13', '2025-10-02 19:21:13', 'present', NULL, NULL, 0, NULL),
(242, 7, '2025-09-05 22:25:00', '2025-09-05 23:39:00', NULL, NULL, NULL, NULL, NULL, NULL, 74, '2025-10-02 19:21:13', '2025-10-02 19:21:13', 'present', NULL, NULL, 0, NULL),
(243, 7, '2025-08-08 21:32:00', '2025-08-08 22:45:00', NULL, NULL, NULL, NULL, NULL, NULL, 73, '2025-10-02 19:21:13', '2025-10-02 19:21:13', 'present', NULL, NULL, 0, NULL),
(257, 7, '2025-07-17 17:42:00', '2025-07-17 18:46:00', NULL, NULL, NULL, NULL, NULL, NULL, 64, '2025-10-02 19:21:13', '2025-10-02 19:21:13', 'present', NULL, NULL, 0, NULL),
(260, 7, '2025-09-19 20:36:00', '2025-09-19 21:30:00', NULL, NULL, NULL, NULL, NULL, NULL, 54, '2025-10-02 19:21:13', '2025-10-02 19:21:13', 'present', NULL, NULL, 0, NULL),
(265, 3, '2025-07-30 20:33:00', '2025-07-30 22:29:00', NULL, NULL, NULL, NULL, NULL, NULL, 88, '2025-10-02 19:21:13', '2025-10-02 19:21:13', 'present', NULL, NULL, 0, NULL),
(266, 3, '2025-08-31 18:29:00', '2025-08-31 23:27:00', NULL, NULL, NULL, NULL, NULL, NULL, 288, '2025-10-02 19:21:13', '2025-10-02 19:21:13', 'present', NULL, NULL, 0, NULL),
(267, 3, '2025-07-28 17:13:00', '2025-07-28 23:39:00', NULL, NULL, NULL, NULL, NULL, NULL, 271, '2025-10-02 19:21:13', '2025-10-02 19:21:13', 'present', NULL, NULL, 0, NULL),
(268, 3, '2025-07-03 21:35:00', '2025-07-03 23:45:00', NULL, NULL, NULL, NULL, NULL, NULL, 209, '2025-10-02 19:21:13', '2025-10-02 19:21:13', 'present', NULL, NULL, 0, NULL),
(269, 3, '2025-07-17 21:05:00', '2025-07-17 21:57:00', NULL, NULL, NULL, NULL, NULL, NULL, 52, '2025-10-02 19:21:13', '2025-10-02 19:21:13', 'present', NULL, NULL, 0, NULL),
(270, 3, '2025-07-08 17:33:00', '2025-07-08 21:25:00', NULL, NULL, NULL, NULL, NULL, NULL, 203, '2025-10-02 19:21:13', '2025-10-02 19:21:13', 'present', NULL, NULL, 0, NULL),
(271, 3, '2025-09-06 17:13:00', '2025-09-06 23:11:00', NULL, NULL, NULL, NULL, NULL, NULL, 299, '2025-10-02 19:21:13', '2025-10-02 19:21:13', 'present', NULL, NULL, 0, NULL),
(272, 3, '2025-08-13 17:14:00', '2025-08-13 23:22:00', NULL, NULL, NULL, NULL, NULL, NULL, 318, '2025-10-02 19:21:13', '2025-10-02 19:21:13', 'present', NULL, NULL, 0, NULL),
(274, 3, '2025-09-17 17:36:00', '2025-09-17 23:36:00', NULL, NULL, NULL, NULL, NULL, NULL, 142, '2025-10-02 19:21:13', '2025-10-02 19:21:13', 'present', NULL, NULL, 0, NULL),
(276, 3, '2025-08-19 17:06:00', '2025-08-19 23:19:00', NULL, NULL, NULL, NULL, NULL, NULL, 203, '2025-10-02 19:21:13', '2025-10-02 19:21:13', 'present', NULL, NULL, 0, NULL),
(277, 3, '2025-07-24 17:25:00', '2025-07-24 23:09:00', NULL, NULL, NULL, NULL, NULL, NULL, 192, '2025-10-02 19:21:13', '2025-10-02 19:21:13', 'present', NULL, NULL, 0, NULL),
(278, 3, '2025-09-23 17:24:00', '2025-09-23 22:56:00', NULL, NULL, NULL, NULL, NULL, NULL, 174, '2025-10-02 19:21:13', '2025-10-02 19:21:13', 'present', NULL, NULL, 0, NULL),
(279, 3, '2025-09-12 17:59:00', '2025-09-12 23:31:00', NULL, NULL, NULL, NULL, NULL, NULL, 203, '2025-10-02 19:21:13', '2025-10-02 19:21:13', 'present', NULL, NULL, 0, NULL),
(280, 3, '2025-09-28 17:47:00', '2025-09-28 23:15:00', NULL, NULL, NULL, NULL, NULL, NULL, 169, '2025-10-02 19:21:13', '2025-10-02 19:21:13', 'present', NULL, NULL, 0, NULL),
(282, 3, '2025-08-01 18:10:00', '2025-08-01 19:14:00', NULL, NULL, NULL, NULL, NULL, NULL, 64, '2025-10-02 19:21:13', '2025-10-02 19:21:13', 'present', NULL, NULL, 0, NULL),
(283, 3, '2025-08-18 21:15:00', '2025-08-18 21:59:00', NULL, NULL, NULL, NULL, NULL, NULL, 44, '2025-10-02 19:21:13', '2025-10-02 19:21:13', 'present', NULL, NULL, 0, NULL),
(284, 3, '2025-08-27 17:15:00', '2025-08-27 22:10:00', NULL, NULL, NULL, NULL, NULL, NULL, 124, '2025-10-02 19:21:13', '2025-10-02 19:21:13', 'present', NULL, NULL, 0, NULL),
(285, 3, '2025-07-26 17:49:00', '2025-07-26 20:11:00', NULL, NULL, NULL, NULL, NULL, NULL, 171, '2025-10-02 19:21:13', '2025-10-02 19:21:13', 'present', NULL, NULL, 0, NULL),
(287, 3, '2025-09-08 18:16:00', '2025-09-08 20:22:00', NULL, NULL, NULL, NULL, NULL, NULL, 141, '2025-10-02 19:21:13', '2025-10-02 19:21:13', 'present', NULL, NULL, 0, NULL),
(288, 3, '2025-08-23 18:06:00', '2025-08-23 23:41:00', NULL, NULL, NULL, NULL, NULL, NULL, 146, '2025-10-02 19:21:13', '2025-10-02 19:21:13', 'present', NULL, NULL, 0, NULL),
(289, 3, '2025-07-10 17:25:00', '2025-07-10 22:47:00', NULL, NULL, NULL, NULL, NULL, NULL, 185, '2025-10-02 19:21:13', '2025-10-02 19:21:13', 'present', NULL, NULL, 0, NULL),
(290, 3, '2025-07-16 17:28:00', '2025-07-17 00:08:00', NULL, NULL, NULL, NULL, NULL, NULL, 212, '2025-10-02 19:21:13', '2025-10-02 19:21:13', 'present', NULL, NULL, 0, NULL),
(291, 3, '2025-07-05 17:09:00', '2025-07-05 22:52:00', NULL, NULL, NULL, NULL, NULL, NULL, 353, '2025-10-02 19:21:13', '2025-10-02 19:21:13', 'present', NULL, NULL, 0, NULL),
(292, 3, '2025-07-07 19:07:00', '2025-07-07 21:27:00', NULL, NULL, NULL, NULL, NULL, NULL, 85, '2025-10-02 19:21:13', '2025-10-02 19:21:13', 'present', NULL, NULL, 0, NULL),
(293, 3, '2025-09-13 19:33:00', '2025-09-13 23:51:00', NULL, NULL, NULL, NULL, NULL, NULL, 227, '2025-10-02 19:21:13', '2025-10-02 19:21:13', 'present', NULL, NULL, 0, NULL),
(294, 3, '2025-09-02 21:51:00', '2025-09-02 23:50:00', NULL, NULL, NULL, NULL, NULL, NULL, 147, '2025-10-02 19:21:13', '2025-10-02 19:21:13', 'present', NULL, NULL, 0, NULL),
(296, 3, '2025-07-13 21:38:00', '2025-07-13 23:23:00', NULL, NULL, NULL, NULL, NULL, NULL, 114, '2025-10-02 19:21:13', '2025-10-02 19:21:13', 'present', NULL, NULL, 0, NULL),
(297, 3, '2025-07-14 20:06:00', '2025-07-15 00:03:00', NULL, NULL, NULL, NULL, NULL, NULL, 166, '2025-10-02 19:21:13', '2025-10-02 19:21:13', 'present', NULL, NULL, 0, NULL),
(298, 3, '2025-08-10 18:39:00', '2025-08-10 23:56:00', NULL, NULL, NULL, NULL, NULL, NULL, 113, '2025-10-02 19:21:13', '2025-10-02 19:21:13', 'present', NULL, NULL, 0, NULL),
(299, 3, '2025-09-27 18:21:00', '2025-09-27 21:40:00', NULL, NULL, NULL, NULL, NULL, NULL, 129, '2025-10-02 19:21:13', '2025-10-02 19:21:13', 'present', NULL, NULL, 0, NULL),
(300, 3, '2025-07-25 18:48:00', '2025-07-25 23:51:00', NULL, NULL, NULL, NULL, NULL, NULL, 163, '2025-10-02 19:21:13', '2025-10-02 19:21:13', 'present', NULL, NULL, 0, NULL),
(302, 3, '2025-08-30 17:06:00', '2025-08-30 23:14:00', NULL, NULL, NULL, NULL, NULL, NULL, 316, '2025-10-02 19:21:13', '2025-10-02 19:21:13', 'present', NULL, NULL, 0, NULL),
(304, 3, '2025-07-02 18:11:00', '2025-07-02 22:07:00', NULL, NULL, NULL, NULL, NULL, NULL, 181, '2025-10-02 19:21:13', '2025-10-02 19:21:13', 'present', NULL, NULL, 0, NULL),
(305, 3, '2025-09-29 21:33:00', '2025-09-29 22:33:00', NULL, NULL, NULL, NULL, NULL, NULL, 60, '2025-10-02 19:21:13', '2025-10-02 19:21:13', 'present', NULL, NULL, 0, NULL),
(306, 3, '2025-08-26 17:26:00', '2025-08-26 22:04:00', NULL, NULL, NULL, NULL, NULL, NULL, 202, '2025-10-02 19:21:13', '2025-10-02 19:21:13', 'present', NULL, NULL, 0, NULL),
(307, 3, '2025-07-27 18:02:00', '2025-07-27 23:24:00', NULL, NULL, NULL, NULL, NULL, NULL, 151, '2025-10-02 19:21:13', '2025-10-02 19:21:13', 'present', NULL, NULL, 0, NULL),
(309, 3, '2025-09-26 17:37:00', '2025-09-26 22:00:00', NULL, NULL, NULL, NULL, NULL, NULL, 357, '2025-10-02 19:21:13', '2025-10-02 19:21:13', 'present', NULL, NULL, 0, NULL),
(311, 3, '2025-08-04 21:45:00', '2025-08-04 22:36:00', NULL, NULL, NULL, NULL, NULL, NULL, 73, '2025-10-02 19:21:13', '2025-10-02 19:21:13', 'present', NULL, NULL, 0, NULL),
(312, 3, '2025-08-17 18:40:00', '2025-08-17 21:31:00', NULL, NULL, NULL, NULL, NULL, NULL, 163, '2025-10-02 19:21:13', '2025-10-02 19:21:13', 'present', NULL, NULL, 0, NULL),
(313, 3, '2025-09-21 17:31:00', '2025-09-21 23:31:00', NULL, NULL, NULL, NULL, NULL, NULL, 224, '2025-10-02 19:21:13', '2025-10-02 19:21:13', 'present', NULL, NULL, 0, NULL),
(316, 3, '2025-09-25 18:15:00', '2025-09-25 21:20:00', NULL, NULL, NULL, NULL, NULL, NULL, 299, '2025-10-02 19:21:13', '2025-10-02 19:21:13', 'present', NULL, NULL, 0, NULL),
(318, 3, '2025-08-20 17:37:00', '2025-08-20 18:42:00', NULL, NULL, NULL, NULL, NULL, NULL, 65, '2025-10-02 19:21:13', '2025-10-02 19:21:13', 'present', NULL, NULL, 0, NULL),
(319, 3, '2025-07-18 17:06:00', '2025-07-18 20:49:00', NULL, NULL, NULL, NULL, NULL, NULL, 219, '2025-10-02 19:21:13', '2025-10-02 19:21:13', 'present', NULL, NULL, 0, NULL),
(321, 3, '2025-08-05 18:55:00', '2025-08-05 23:25:00', NULL, NULL, NULL, NULL, NULL, NULL, 161, '2025-10-02 19:21:13', '2025-10-02 19:21:13', 'present', NULL, NULL, 0, NULL),
(322, 3, '2025-09-04 17:35:00', '2025-09-04 21:44:00', NULL, NULL, NULL, NULL, NULL, NULL, 218, '2025-10-02 19:21:13', '2025-10-02 19:21:13', 'present', NULL, NULL, 0, NULL),
(323, 3, '2025-07-15 18:38:00', '2025-07-15 22:14:00', NULL, NULL, NULL, NULL, NULL, NULL, 294, '2025-10-02 19:21:13', '2025-10-02 19:21:13', 'present', NULL, NULL, 0, NULL),
(327, 3, '2025-09-20 20:51:00', '2025-09-20 21:47:00', NULL, NULL, NULL, NULL, NULL, NULL, 56, '2025-10-02 19:21:13', '2025-10-02 19:21:13', 'present', NULL, NULL, 0, NULL),
(330, 3, '2025-07-22 17:16:00', '2025-07-22 18:22:00', NULL, NULL, NULL, NULL, NULL, NULL, 66, '2025-10-02 19:21:13', '2025-10-02 19:21:13', 'present', NULL, NULL, 0, NULL),
(334, 3, '2025-07-23 17:27:00', '2025-07-23 19:24:00', NULL, NULL, NULL, NULL, NULL, NULL, 163, '2025-10-02 19:21:13', '2025-10-02 19:21:13', 'present', NULL, NULL, 0, NULL),
(337, 3, '2025-09-09 20:58:00', '2025-09-09 21:51:00', NULL, NULL, NULL, NULL, NULL, NULL, 53, '2025-10-02 19:21:13', '2025-10-02 19:21:13', 'present', NULL, NULL, 0, NULL),
(338, 3, '2025-08-09 19:21:00', '2025-08-09 22:02:00', NULL, NULL, NULL, NULL, NULL, NULL, 118, '2025-10-02 19:21:13', '2025-10-02 19:21:13', 'present', NULL, NULL, 0, NULL),
(339, 3, '2025-07-29 22:13:00', '2025-07-29 22:52:00', NULL, NULL, NULL, NULL, NULL, NULL, 39, '2025-10-02 19:21:13', '2025-10-02 19:21:13', 'present', NULL, NULL, 0, NULL),
(340, 3, '2025-08-24 17:39:00', '2025-08-24 23:17:00', NULL, NULL, NULL, NULL, NULL, NULL, 215, '2025-10-02 19:21:13', '2025-10-02 19:21:13', 'present', NULL, NULL, 0, NULL),
(344, 3, '2025-08-12 17:14:00', '2025-08-12 23:07:00', NULL, NULL, NULL, NULL, NULL, NULL, 336, '2025-10-02 19:21:13', '2025-10-02 19:21:13', 'present', NULL, NULL, 0, NULL),
(350, 3, '2025-07-09 17:24:00', '2025-07-09 23:49:00', NULL, NULL, NULL, NULL, NULL, NULL, 174, '2025-10-02 19:21:13', '2025-10-02 19:21:13', 'present', NULL, NULL, 0, NULL),
(351, 3, '2025-08-29 18:15:00', '2025-08-29 22:03:00', NULL, NULL, NULL, NULL, NULL, NULL, 156, '2025-10-02 19:21:13', '2025-10-02 19:21:13', 'present', NULL, NULL, 0, NULL),
(352, 3, '2025-09-01 17:58:00', '2025-09-01 21:54:00', NULL, NULL, NULL, NULL, NULL, NULL, 218, '2025-10-02 19:21:13', '2025-10-02 19:21:13', 'present', NULL, NULL, 0, NULL),
(353, 3, '2025-09-14 18:41:00', '2025-09-14 22:03:00', NULL, NULL, NULL, NULL, NULL, NULL, 101, '2025-10-02 19:21:13', '2025-10-02 19:21:13', 'present', NULL, NULL, 0, NULL),
(357, 3, '2025-08-14 17:56:00', '2025-08-14 23:15:00', NULL, NULL, NULL, NULL, NULL, NULL, 125, '2025-10-02 19:21:13', '2025-10-02 19:21:13', 'present', NULL, NULL, 0, NULL),
(361, 3, '2025-09-07 18:10:00', '2025-09-07 22:39:00', NULL, NULL, NULL, NULL, NULL, NULL, 165, '2025-10-02 19:21:13', '2025-10-02 19:21:13', 'present', NULL, NULL, 0, NULL),
(363, 3, '2025-09-05 22:31:00', '2025-09-05 23:19:00', NULL, NULL, NULL, NULL, NULL, NULL, 48, '2025-10-02 19:21:13', '2025-10-02 19:21:13', 'present', NULL, NULL, 0, NULL),
(366, 3, '2025-08-15 17:09:00', '2025-08-15 23:08:00', NULL, NULL, NULL, NULL, NULL, NULL, 254, '2025-10-02 19:21:13', '2025-10-02 19:21:13', 'present', NULL, NULL, 0, NULL),
(374, 3, '2025-07-20 20:35:00', '2025-07-20 23:47:00', NULL, NULL, NULL, NULL, NULL, NULL, 166, '2025-10-02 19:21:13', '2025-10-02 19:21:13', 'present', NULL, NULL, 0, NULL),
(384, 3, '2025-08-22 18:37:00', '2025-08-22 19:14:00', NULL, NULL, NULL, NULL, NULL, NULL, 37, '2025-10-02 19:21:13', '2025-10-02 19:21:13', 'present', NULL, NULL, 0, NULL),
(385, 3, '2025-09-19 17:46:00', '2025-09-19 23:00:00', NULL, NULL, NULL, NULL, NULL, NULL, 209, '2025-10-02 19:21:13', '2025-10-02 19:21:13', 'present', NULL, NULL, 0, NULL),
(387, 3, '2025-07-31 21:36:00', '2025-07-31 23:14:00', NULL, NULL, NULL, NULL, NULL, NULL, 103, '2025-10-02 19:21:13', '2025-10-02 19:21:13', 'present', NULL, NULL, 0, NULL),
(389, 6, '2025-07-30 21:37:00', '2025-07-30 22:29:00', NULL, NULL, NULL, NULL, NULL, NULL, 52, '2025-10-02 19:21:13', '2025-10-02 19:21:13', 'present', NULL, NULL, 0, NULL),
(390, 6, '2025-08-31 19:19:00', '2025-08-31 23:27:00', NULL, NULL, NULL, NULL, NULL, NULL, 230, '2025-10-02 19:21:13', '2025-10-02 19:21:13', 'present', NULL, NULL, 0, NULL),
(391, 6, '2025-07-28 21:52:00', '2025-07-28 22:52:00', NULL, NULL, NULL, NULL, NULL, NULL, 60, '2025-10-02 19:21:13', '2025-10-02 19:21:13', 'present', NULL, NULL, 0, NULL),
(392, 6, '2025-07-03 21:35:00', '2025-07-03 23:26:00', NULL, NULL, NULL, NULL, NULL, NULL, 156, '2025-10-02 19:21:13', '2025-10-02 19:21:13', 'present', NULL, NULL, 0, NULL),
(393, 6, '2025-07-17 21:05:00', '2025-07-17 21:57:00', NULL, NULL, NULL, NULL, NULL, NULL, 52, '2025-10-02 19:21:13', '2025-10-02 19:21:13', 'present', NULL, NULL, 0, NULL),
(394, 6, '2025-07-08 17:33:00', '2025-07-08 21:25:00', NULL, NULL, NULL, NULL, NULL, NULL, 145, '2025-10-02 19:21:13', '2025-10-02 19:21:13', 'present', NULL, NULL, 0, NULL),
(395, 6, '2025-09-06 17:13:00', '2025-09-06 23:11:00', NULL, NULL, NULL, NULL, NULL, NULL, 242, '2025-10-02 19:21:13', '2025-10-02 19:21:13', 'present', NULL, NULL, 0, NULL),
(396, 6, '2025-08-13 18:31:00', '2025-08-13 23:22:00', NULL, NULL, NULL, NULL, NULL, NULL, 172, '2025-10-02 19:21:13', '2025-10-02 19:21:13', 'present', NULL, NULL, 0, NULL),
(398, 6, '2025-09-17 17:36:00', '2025-09-17 23:36:00', NULL, NULL, NULL, NULL, NULL, NULL, 142, '2025-10-02 19:21:13', '2025-10-02 19:21:13', 'present', NULL, NULL, 0, NULL),
(400, 6, '2025-08-19 21:12:00', '2025-08-19 23:19:00', NULL, NULL, NULL, NULL, NULL, NULL, 106, '2025-10-02 19:21:13', '2025-10-02 19:21:13', 'present', NULL, NULL, 0, NULL),
(401, 6, '2025-07-24 17:25:00', '2025-07-24 22:33:00', NULL, NULL, NULL, NULL, NULL, NULL, 102, '2025-10-02 19:21:13', '2025-10-02 19:21:13', 'present', NULL, NULL, 0, NULL),
(402, 6, '2025-09-23 17:24:00', '2025-09-23 18:22:00', NULL, NULL, NULL, NULL, NULL, NULL, 58, '2025-10-02 19:21:13', '2025-10-02 19:21:13', 'present', NULL, NULL, 0, NULL),
(403, 6, '2025-09-12 20:29:00', '2025-09-12 23:31:00', NULL, NULL, NULL, NULL, NULL, NULL, 125, '2025-10-02 19:21:13', '2025-10-02 19:21:13', 'present', NULL, NULL, 0, NULL),
(404, 6, '2025-09-28 17:47:00', '2025-09-28 22:44:00', NULL, NULL, NULL, NULL, NULL, NULL, 114, '2025-10-02 19:21:13', '2025-10-02 19:21:13', 'present', NULL, NULL, 0, NULL),
(406, 6, '2025-08-01 18:10:00', '2025-08-01 19:14:00', NULL, NULL, NULL, NULL, NULL, NULL, 64, '2025-10-02 19:21:13', '2025-10-02 19:21:13', 'present', NULL, NULL, 0, NULL),
(407, 6, '2025-08-18 21:15:00', '2025-08-18 21:59:00', NULL, NULL, NULL, NULL, NULL, NULL, 44, '2025-10-02 19:21:13', '2025-10-02 19:21:13', 'present', NULL, NULL, 0, NULL),
(408, 6, '2025-08-27 20:38:00', '2025-08-27 21:20:00', NULL, NULL, NULL, NULL, NULL, NULL, 42, '2025-10-02 19:21:13', '2025-10-02 19:21:13', 'present', NULL, NULL, 0, NULL),
(409, 6, '2025-07-26 17:49:00', '2025-07-26 18:50:00', NULL, NULL, NULL, NULL, NULL, NULL, 61, '2025-10-02 19:21:13', '2025-10-02 19:21:13', 'present', NULL, NULL, 0, NULL),
(411, 6, '2025-09-08 18:16:00', '2025-09-08 20:22:00', NULL, NULL, NULL, NULL, NULL, NULL, 141, '2025-10-02 19:21:13', '2025-10-02 19:21:13', 'present', NULL, NULL, 0, NULL),
(412, 6, '2025-08-23 20:56:00', '2025-08-23 21:33:00', NULL, NULL, NULL, NULL, NULL, NULL, 37, '2025-10-02 19:21:13', '2025-10-02 19:21:13', 'present', NULL, NULL, 0, NULL),
(413, 6, '2025-07-10 17:25:00', '2025-07-10 22:47:00', NULL, NULL, NULL, NULL, NULL, NULL, 141, '2025-10-02 19:21:13', '2025-10-02 19:21:13', 'present', NULL, NULL, 0, NULL),
(414, 6, '2025-07-16 17:28:00', '2025-07-17 00:08:00', NULL, NULL, NULL, NULL, NULL, NULL, 170, '2025-10-02 19:21:13', '2025-10-02 19:21:13', 'present', NULL, NULL, 0, NULL),
(415, 6, '2025-07-05 19:55:00', '2025-07-05 22:52:00', NULL, NULL, NULL, NULL, NULL, NULL, 210, '2025-10-02 19:21:13', '2025-10-02 19:21:13', 'present', NULL, NULL, 0, NULL),
(416, 6, '2025-07-07 19:07:00', '2025-07-07 19:52:00', NULL, NULL, NULL, NULL, NULL, NULL, 45, '2025-10-02 19:21:13', '2025-10-02 19:21:13', 'present', NULL, NULL, 0, NULL),
(417, 6, '2025-09-13 19:33:00', '2025-09-13 23:51:00', NULL, NULL, NULL, NULL, NULL, NULL, 170, '2025-10-02 19:21:13', '2025-10-02 19:21:13', 'present', NULL, NULL, 0, NULL),
(418, 6, '2025-09-02 21:51:00', '2025-09-02 23:50:00', NULL, NULL, NULL, NULL, NULL, NULL, 147, '2025-10-02 19:21:13', '2025-10-02 19:21:13', 'present', NULL, NULL, 0, NULL),
(420, 6, '2025-07-13 21:38:00', '2025-07-13 23:12:00', NULL, NULL, NULL, NULL, NULL, NULL, 76, '2025-10-02 19:21:13', '2025-10-02 19:21:13', 'present', NULL, NULL, 0, NULL),
(421, 6, '2025-07-14 22:53:00', '2025-07-15 00:03:00', NULL, NULL, NULL, NULL, NULL, NULL, 70, '2025-10-02 19:21:13', '2025-10-02 19:21:13', 'present', NULL, NULL, 0, NULL),
(422, 6, '2025-08-10 18:39:00', '2025-08-10 23:56:00', NULL, NULL, NULL, NULL, NULL, NULL, 113, '2025-10-02 19:21:13', '2025-10-02 19:21:13', 'present', NULL, NULL, 0, NULL),
(423, 6, '2025-09-27 18:21:00', '2025-09-27 21:40:00', NULL, NULL, NULL, NULL, NULL, NULL, 129, '2025-10-02 19:21:13', '2025-10-02 19:21:13', 'present', NULL, NULL, 0, NULL),
(424, 6, '2025-07-25 18:48:00', '2025-07-25 23:51:00', NULL, NULL, NULL, NULL, NULL, NULL, 125, '2025-10-02 19:21:13', '2025-10-02 19:21:13', 'present', NULL, NULL, 0, NULL),
(426, 6, '2025-08-30 17:06:00', '2025-08-30 21:40:00', NULL, NULL, NULL, NULL, NULL, NULL, 272, '2025-10-02 19:21:13', '2025-10-02 19:21:13', 'present', NULL, NULL, 0, NULL),
(428, 6, '2025-07-02 18:11:00', '2025-07-02 18:56:00', NULL, NULL, NULL, NULL, NULL, NULL, 84, '2025-10-02 19:21:13', '2025-10-02 19:21:13', 'present', NULL, NULL, 0, NULL),
(429, 6, '2025-09-29 21:33:00', '2025-09-29 22:33:00', NULL, NULL, NULL, NULL, NULL, NULL, 60, '2025-10-02 19:21:13', '2025-10-02 19:21:13', 'present', NULL, NULL, 0, NULL),
(430, 6, '2025-08-26 20:55:00', '2025-08-26 22:04:00', NULL, NULL, NULL, NULL, NULL, NULL, 118, '2025-10-02 19:21:13', '2025-10-02 19:21:13', 'present', NULL, NULL, 0, NULL),
(431, 6, '2025-07-27 18:02:00', '2025-07-27 23:24:00', NULL, NULL, NULL, NULL, NULL, NULL, 98, '2025-10-02 19:21:13', '2025-10-02 19:21:13', 'present', NULL, NULL, 0, NULL),
(433, 6, '2025-09-26 17:37:00', '2025-09-26 18:29:00', NULL, NULL, NULL, NULL, NULL, NULL, 52, '2025-10-02 19:21:13', '2025-10-02 19:21:13', 'present', NULL, NULL, 0, NULL),
(435, 6, '2025-08-04 21:45:00', '2025-08-04 22:21:00', NULL, NULL, NULL, NULL, NULL, NULL, 36, '2025-10-02 19:21:13', '2025-10-02 19:21:13', 'present', NULL, NULL, 0, NULL),
(436, 6, '2025-08-17 18:40:00', '2025-08-17 19:29:00', NULL, NULL, NULL, NULL, NULL, NULL, 49, '2025-10-02 19:21:13', '2025-10-02 19:21:13', 'present', NULL, NULL, 0, NULL),
(437, 6, '2025-09-21 20:47:00', '2025-09-21 23:31:00', NULL, NULL, NULL, NULL, NULL, NULL, 189, '2025-10-02 19:21:13', '2025-10-02 19:21:13', 'present', NULL, NULL, 0, NULL),
(440, 6, '2025-09-25 18:15:00', '2025-09-25 20:20:00', NULL, NULL, NULL, NULL, NULL, NULL, 139, '2025-10-02 19:21:13', '2025-10-02 19:21:13', 'present', NULL, NULL, 0, NULL),
(442, 6, '2025-08-20 17:37:00', '2025-08-20 18:42:00', NULL, NULL, NULL, NULL, NULL, NULL, 65, '2025-10-02 19:21:13', '2025-10-02 19:21:13', 'present', NULL, NULL, 0, NULL),
(443, 6, '2025-07-18 17:06:00', '2025-07-18 20:49:00', NULL, NULL, NULL, NULL, NULL, NULL, 219, '2025-10-02 19:21:13', '2025-10-02 19:21:13', 'present', NULL, NULL, 0, NULL),
(445, 6, '2025-08-05 18:55:00', '2025-08-05 23:25:00', NULL, NULL, NULL, NULL, NULL, NULL, 161, '2025-10-02 19:21:13', '2025-10-02 19:21:13', 'present', NULL, NULL, 0, NULL),
(446, 6, '2025-09-04 17:35:00', '2025-09-04 20:35:00', NULL, NULL, NULL, NULL, NULL, NULL, 126, '2025-10-02 19:21:13', '2025-10-02 19:21:13', 'present', NULL, NULL, 0, NULL),
(447, 6, '2025-07-15 18:38:00', '2025-07-15 22:14:00', NULL, NULL, NULL, NULL, NULL, NULL, 94, '2025-10-02 19:21:13', '2025-10-02 19:21:13', 'present', NULL, NULL, 0, NULL),
(451, 6, '2025-09-20 20:51:00', '2025-09-20 21:47:00', NULL, NULL, NULL, NULL, NULL, NULL, 56, '2025-10-02 19:21:13', '2025-10-02 19:21:13', 'present', NULL, NULL, 0, NULL),
(454, 6, '2025-07-22 17:16:00', '2025-07-22 18:22:00', NULL, NULL, NULL, NULL, NULL, NULL, 66, '2025-10-02 19:21:13', '2025-10-02 19:21:13', 'present', NULL, NULL, 0, NULL),
(458, 6, '2025-07-23 18:32:00', '2025-07-23 19:24:00', NULL, NULL, NULL, NULL, NULL, NULL, 52, '2025-10-02 19:21:13', '2025-10-02 19:21:13', 'present', NULL, NULL, 0, NULL),
(461, 6, '2025-09-09 20:58:00', '2025-09-09 21:51:00', NULL, NULL, NULL, NULL, NULL, NULL, 53, '2025-10-02 19:21:13', '2025-10-02 19:21:13', 'present', NULL, NULL, 0, NULL),
(462, 6, '2025-08-09 19:21:00', '2025-08-09 22:02:00', NULL, NULL, NULL, NULL, NULL, NULL, 118, '2025-10-02 19:21:13', '2025-10-02 19:21:13', 'present', NULL, NULL, 0, NULL),
(463, 6, '2025-07-29 22:13:00', '2025-07-29 22:52:00', NULL, NULL, NULL, NULL, NULL, NULL, 39, '2025-10-02 19:21:13', '2025-10-02 19:21:13', 'present', NULL, NULL, 0, NULL),
(464, 6, '2025-08-24 17:39:00', '2025-08-24 18:28:00', NULL, NULL, NULL, NULL, NULL, NULL, 49, '2025-10-02 19:21:13', '2025-10-02 19:21:13', 'present', NULL, NULL, 0, NULL),
(468, 6, '2025-08-12 18:14:00', '2025-08-12 23:07:00', NULL, NULL, NULL, NULL, NULL, NULL, 109, '2025-10-02 19:21:13', '2025-10-02 19:21:13', 'present', NULL, NULL, 0, NULL),
(474, 6, '2025-07-09 17:24:00', '2025-07-09 19:57:00', NULL, NULL, NULL, NULL, NULL, NULL, 118, '2025-10-02 19:21:13', '2025-10-02 19:21:13', 'present', NULL, NULL, 0, NULL),
(475, 6, '2025-08-29 19:24:00', '2025-08-29 20:23:00', NULL, NULL, NULL, NULL, NULL, NULL, 59, '2025-10-02 19:21:13', '2025-10-02 19:21:13', 'present', NULL, NULL, 0, NULL),
(476, 6, '2025-09-01 18:03:00', '2025-09-01 21:54:00', NULL, NULL, NULL, NULL, NULL, NULL, 120, '2025-10-02 19:21:13', '2025-10-02 19:21:13', 'present', NULL, NULL, 0, NULL),
(477, 6, '2025-09-14 21:12:00', '2025-09-14 22:03:00', NULL, NULL, NULL, NULL, NULL, NULL, 51, '2025-10-02 19:21:13', '2025-10-02 19:21:13', 'present', NULL, NULL, 0, NULL),
(481, 6, '2025-08-14 17:56:00', '2025-08-14 18:58:00', NULL, NULL, NULL, NULL, NULL, NULL, 62, '2025-10-02 19:21:13', '2025-10-02 19:21:13', 'present', NULL, NULL, 0, NULL),
(485, 6, '2025-09-07 18:10:00', '2025-09-07 18:53:00', NULL, NULL, NULL, NULL, NULL, NULL, 43, '2025-10-02 19:21:13', '2025-10-02 19:21:13', 'present', NULL, NULL, 0, NULL),
(487, 6, '2025-09-05 22:31:00', '2025-09-05 23:19:00', NULL, NULL, NULL, NULL, NULL, NULL, 48, '2025-10-02 19:21:13', '2025-10-02 19:21:13', 'present', NULL, NULL, 0, NULL),
(490, 6, '2025-08-15 20:10:00', '2025-08-15 23:08:00', NULL, NULL, NULL, NULL, NULL, NULL, 117, '2025-10-02 19:21:13', '2025-10-02 19:21:13', 'present', NULL, NULL, 0, NULL),
(498, 6, '2025-07-20 20:35:00', '2025-07-20 21:39:00', NULL, NULL, NULL, NULL, NULL, NULL, 64, '2025-10-02 19:21:13', '2025-10-02 19:21:13', 'present', NULL, NULL, 0, NULL),
(508, 6, '2025-08-22 18:37:00', '2025-08-22 19:14:00', NULL, NULL, NULL, NULL, NULL, NULL, 37, '2025-10-02 19:21:13', '2025-10-02 19:21:13', 'present', NULL, NULL, 0, NULL),
(509, 6, '2025-09-19 17:46:00', '2025-09-19 18:37:00', NULL, NULL, NULL, NULL, NULL, NULL, 51, '2025-10-02 19:21:13', '2025-10-02 19:21:13', 'present', NULL, NULL, 0, NULL),
(511, 6, '2025-07-31 21:36:00', '2025-07-31 22:21:00', NULL, NULL, NULL, NULL, NULL, NULL, 45, '2025-10-02 19:21:13', '2025-10-02 19:21:13', 'present', NULL, NULL, 0, NULL),
(513, 11, '2025-07-30 21:37:00', '2025-07-30 22:29:00', NULL, NULL, NULL, NULL, NULL, NULL, 52, '2025-10-02 19:21:13', '2025-10-02 19:21:13', 'present', NULL, NULL, 0, NULL),
(514, 11, '2025-08-31 19:19:00', '2025-08-31 23:27:00', NULL, NULL, NULL, NULL, NULL, NULL, 230, '2025-10-02 19:21:13', '2025-10-02 19:21:13', 'present', NULL, NULL, 0, NULL),
(515, 11, '2025-07-28 21:52:00', '2025-07-28 22:52:00', NULL, NULL, NULL, NULL, NULL, NULL, 60, '2025-10-02 19:21:13', '2025-10-02 19:21:13', 'present', NULL, NULL, 0, NULL),
(516, 11, '2025-07-03 21:35:00', '2025-07-03 23:26:00', NULL, NULL, NULL, NULL, NULL, NULL, 156, '2025-10-02 19:21:13', '2025-10-02 19:21:13', 'present', NULL, NULL, 0, NULL),
(517, 11, '2025-07-17 21:05:00', '2025-07-17 21:57:00', NULL, NULL, NULL, NULL, NULL, NULL, 52, '2025-10-02 19:21:13', '2025-10-02 19:21:13', 'present', NULL, NULL, 0, NULL),
(518, 11, '2025-07-08 17:33:00', '2025-07-08 21:25:00', NULL, NULL, NULL, NULL, NULL, NULL, 145, '2025-10-02 19:21:13', '2025-10-02 19:21:13', 'present', NULL, NULL, 0, NULL),
(519, 11, '2025-09-06 17:13:00', '2025-09-06 23:11:00', NULL, NULL, NULL, NULL, NULL, NULL, 242, '2025-10-02 19:21:13', '2025-10-02 19:21:13', 'present', NULL, NULL, 0, NULL),
(520, 11, '2025-08-13 18:31:00', '2025-08-13 23:22:00', NULL, NULL, NULL, NULL, NULL, NULL, 172, '2025-10-02 19:21:13', '2025-10-02 19:21:13', 'present', NULL, NULL, 0, NULL),
(522, 11, '2025-09-17 17:36:00', '2025-09-17 23:36:00', NULL, NULL, NULL, NULL, NULL, NULL, 142, '2025-10-02 19:21:13', '2025-10-02 19:21:13', 'present', NULL, NULL, 0, NULL),
(524, 11, '2025-08-19 21:12:00', '2025-08-19 23:19:00', NULL, NULL, NULL, NULL, NULL, NULL, 106, '2025-10-02 19:21:13', '2025-10-02 19:21:13', 'present', NULL, NULL, 0, NULL),
(525, 11, '2025-07-24 17:25:00', '2025-07-24 22:33:00', NULL, NULL, NULL, NULL, NULL, NULL, 102, '2025-10-02 19:21:13', '2025-10-02 19:21:13', 'present', NULL, NULL, 0, NULL),
(526, 11, '2025-09-23 17:24:00', '2025-09-23 18:22:00', NULL, NULL, NULL, NULL, NULL, NULL, 58, '2025-10-02 19:21:13', '2025-10-02 19:21:13', 'present', NULL, NULL, 0, NULL),
(527, 11, '2025-09-12 20:29:00', '2025-09-12 23:31:00', NULL, NULL, NULL, NULL, NULL, NULL, 125, '2025-10-02 19:21:13', '2025-10-02 19:21:13', 'present', NULL, NULL, 0, NULL),
(528, 11, '2025-09-28 17:47:00', '2025-09-28 22:44:00', NULL, NULL, NULL, NULL, NULL, NULL, 114, '2025-10-02 19:21:13', '2025-10-02 19:21:13', 'present', NULL, NULL, 0, NULL),
(530, 11, '2025-08-01 18:10:00', '2025-08-01 19:14:00', NULL, NULL, NULL, NULL, NULL, NULL, 64, '2025-10-02 19:21:13', '2025-10-02 19:21:13', 'present', NULL, NULL, 0, NULL),
(531, 11, '2025-08-18 21:15:00', '2025-08-18 21:59:00', NULL, NULL, NULL, NULL, NULL, NULL, 44, '2025-10-02 19:21:13', '2025-10-02 19:21:13', 'present', NULL, NULL, 0, NULL),
(532, 11, '2025-08-27 20:38:00', '2025-08-27 21:20:00', NULL, NULL, NULL, NULL, NULL, NULL, 42, '2025-10-02 19:21:13', '2025-10-02 19:21:13', 'present', NULL, NULL, 0, NULL),
(533, 11, '2025-07-26 17:49:00', '2025-07-26 18:50:00', NULL, NULL, NULL, NULL, NULL, NULL, 61, '2025-10-02 19:21:13', '2025-10-02 19:21:13', 'present', NULL, NULL, 0, NULL),
(535, 11, '2025-09-08 18:16:00', '2025-09-08 20:22:00', NULL, NULL, NULL, NULL, NULL, NULL, 141, '2025-10-02 19:21:13', '2025-10-02 19:21:13', 'present', NULL, NULL, 0, NULL),
(536, 11, '2025-08-23 20:56:00', '2025-08-23 21:33:00', NULL, NULL, NULL, NULL, NULL, NULL, 37, '2025-10-02 19:21:13', '2025-10-02 19:21:13', 'present', NULL, NULL, 0, NULL),
(537, 11, '2025-07-10 17:25:00', '2025-07-10 22:47:00', NULL, NULL, NULL, NULL, NULL, NULL, 141, '2025-10-02 19:21:13', '2025-10-02 19:21:13', 'present', NULL, NULL, 0, NULL),
(538, 11, '2025-07-16 17:28:00', '2025-07-17 00:08:00', NULL, NULL, NULL, NULL, NULL, NULL, 170, '2025-10-02 19:21:13', '2025-10-02 19:21:13', 'present', NULL, NULL, 0, NULL),
(539, 11, '2025-07-05 19:55:00', '2025-07-05 22:52:00', NULL, NULL, NULL, NULL, NULL, NULL, 210, '2025-10-02 19:21:13', '2025-10-02 19:21:13', 'present', NULL, NULL, 0, NULL),
(540, 11, '2025-07-07 19:07:00', '2025-07-07 19:52:00', NULL, NULL, NULL, NULL, NULL, NULL, 45, '2025-10-02 19:21:13', '2025-10-02 19:21:13', 'present', NULL, NULL, 0, NULL),
(541, 11, '2025-09-13 19:33:00', '2025-09-13 23:51:00', NULL, NULL, NULL, NULL, NULL, NULL, 170, '2025-10-02 19:21:13', '2025-10-02 19:21:13', 'present', NULL, NULL, 0, NULL);
INSERT INTO `attendances` (`id`, `employee_id`, `clock_in`, `clock_out`, `clock_in_latitude`, `clock_in_longitude`, `clock_out_latitude`, `clock_out_longitude`, `clock_in_distance`, `clock_out_distance`, `total_minutes_worked`, `created_at`, `updated_at`, `status`, `hours_worked`, `clock_out_time`, `total_break_minutes`, `notes`) VALUES
(542, 11, '2025-09-02 21:51:00', '2025-09-02 23:50:00', NULL, NULL, NULL, NULL, NULL, NULL, 147, '2025-10-02 19:21:13', '2025-10-02 19:21:13', 'present', NULL, NULL, 0, NULL),
(544, 11, '2025-07-13 21:38:00', '2025-07-13 23:12:00', NULL, NULL, NULL, NULL, NULL, NULL, 76, '2025-10-02 19:21:13', '2025-10-02 19:21:13', 'present', NULL, NULL, 0, NULL),
(545, 11, '2025-07-14 22:53:00', '2025-07-15 00:03:00', NULL, NULL, NULL, NULL, NULL, NULL, 70, '2025-10-02 19:21:13', '2025-10-02 19:21:13', 'present', NULL, NULL, 0, NULL),
(546, 11, '2025-08-10 18:39:00', '2025-08-10 23:56:00', NULL, NULL, NULL, NULL, NULL, NULL, 113, '2025-10-02 19:21:13', '2025-10-02 19:21:13', 'present', NULL, NULL, 0, NULL),
(547, 11, '2025-09-27 18:21:00', '2025-09-27 21:40:00', NULL, NULL, NULL, NULL, NULL, NULL, 129, '2025-10-02 19:21:13', '2025-10-02 19:21:13', 'present', NULL, NULL, 0, NULL),
(548, 11, '2025-07-25 18:48:00', '2025-07-25 23:51:00', NULL, NULL, NULL, NULL, NULL, NULL, 125, '2025-10-02 19:21:13', '2025-10-02 19:21:13', 'present', NULL, NULL, 0, NULL),
(550, 11, '2025-08-30 17:06:00', '2025-08-30 21:40:00', NULL, NULL, NULL, NULL, NULL, NULL, 272, '2025-10-02 19:21:13', '2025-10-02 19:21:13', 'present', NULL, NULL, 0, NULL),
(552, 11, '2025-07-02 18:11:00', '2025-07-02 18:56:00', NULL, NULL, NULL, NULL, NULL, NULL, 84, '2025-10-02 19:21:13', '2025-10-02 19:21:13', 'present', NULL, NULL, 0, NULL),
(553, 11, '2025-09-29 21:33:00', '2025-09-29 22:33:00', NULL, NULL, NULL, NULL, NULL, NULL, 60, '2025-10-02 19:21:13', '2025-10-02 19:21:13', 'present', NULL, NULL, 0, NULL),
(554, 11, '2025-08-26 20:55:00', '2025-08-26 22:04:00', NULL, NULL, NULL, NULL, NULL, NULL, 118, '2025-10-02 19:21:13', '2025-10-02 19:21:13', 'present', NULL, NULL, 0, NULL),
(555, 11, '2025-07-27 18:02:00', '2025-07-27 23:24:00', NULL, NULL, NULL, NULL, NULL, NULL, 98, '2025-10-02 19:21:13', '2025-10-02 19:21:13', 'present', NULL, NULL, 0, NULL),
(557, 11, '2025-09-26 17:37:00', '2025-09-26 18:29:00', NULL, NULL, NULL, NULL, NULL, NULL, 52, '2025-10-02 19:21:13', '2025-10-02 19:21:13', 'present', NULL, NULL, 0, NULL),
(559, 11, '2025-08-04 21:45:00', '2025-08-04 22:21:00', NULL, NULL, NULL, NULL, NULL, NULL, 36, '2025-10-02 19:21:13', '2025-10-02 19:21:13', 'present', NULL, NULL, 0, NULL),
(560, 11, '2025-08-17 18:40:00', '2025-08-17 19:29:00', NULL, NULL, NULL, NULL, NULL, NULL, 49, '2025-10-02 19:21:13', '2025-10-02 19:21:13', 'present', NULL, NULL, 0, NULL),
(561, 11, '2025-09-21 20:47:00', '2025-09-21 23:31:00', NULL, NULL, NULL, NULL, NULL, NULL, 189, '2025-10-02 19:21:13', '2025-10-02 19:21:13', 'present', NULL, NULL, 0, NULL),
(564, 11, '2025-09-25 18:15:00', '2025-09-25 20:20:00', NULL, NULL, NULL, NULL, NULL, NULL, 139, '2025-10-02 19:21:13', '2025-10-02 19:21:13', 'present', NULL, NULL, 0, NULL),
(566, 11, '2025-08-20 17:37:00', '2025-08-20 18:42:00', NULL, NULL, NULL, NULL, NULL, NULL, 65, '2025-10-02 19:21:13', '2025-10-02 19:21:13', 'present', NULL, NULL, 0, NULL),
(567, 11, '2025-07-18 17:06:00', '2025-07-18 20:49:00', NULL, NULL, NULL, NULL, NULL, NULL, 219, '2025-10-02 19:21:13', '2025-10-02 19:21:13', 'present', NULL, NULL, 0, NULL),
(569, 11, '2025-08-05 18:55:00', '2025-08-05 23:25:00', NULL, NULL, NULL, NULL, NULL, NULL, 161, '2025-10-02 19:21:13', '2025-10-02 19:21:13', 'present', NULL, NULL, 0, NULL),
(570, 11, '2025-09-04 17:35:00', '2025-09-04 20:35:00', NULL, NULL, NULL, NULL, NULL, NULL, 126, '2025-10-02 19:21:13', '2025-10-02 19:21:13', 'present', NULL, NULL, 0, NULL),
(571, 11, '2025-07-15 18:38:00', '2025-07-15 22:14:00', NULL, NULL, NULL, NULL, NULL, NULL, 94, '2025-10-02 19:21:13', '2025-10-02 19:21:13', 'present', NULL, NULL, 0, NULL),
(575, 11, '2025-09-20 20:51:00', '2025-09-20 21:47:00', NULL, NULL, NULL, NULL, NULL, NULL, 56, '2025-10-02 19:21:13', '2025-10-02 19:21:13', 'present', NULL, NULL, 0, NULL),
(578, 11, '2025-07-22 17:16:00', '2025-07-22 18:22:00', NULL, NULL, NULL, NULL, NULL, NULL, 66, '2025-10-02 19:21:13', '2025-10-02 19:21:13', 'present', NULL, NULL, 0, NULL),
(582, 11, '2025-07-23 18:32:00', '2025-07-23 19:24:00', NULL, NULL, NULL, NULL, NULL, NULL, 52, '2025-10-02 19:21:13', '2025-10-02 19:21:13', 'present', NULL, NULL, 0, NULL),
(585, 11, '2025-09-09 20:58:00', '2025-09-09 21:51:00', NULL, NULL, NULL, NULL, NULL, NULL, 53, '2025-10-02 19:21:13', '2025-10-02 19:21:13', 'present', NULL, NULL, 0, NULL),
(586, 11, '2025-08-09 19:21:00', '2025-08-09 22:02:00', NULL, NULL, NULL, NULL, NULL, NULL, 118, '2025-10-02 19:21:13', '2025-10-02 19:21:13', 'present', NULL, NULL, 0, NULL),
(587, 11, '2025-07-29 22:13:00', '2025-07-29 22:52:00', NULL, NULL, NULL, NULL, NULL, NULL, 39, '2025-10-02 19:21:13', '2025-10-02 19:21:13', 'present', NULL, NULL, 0, NULL),
(588, 11, '2025-08-24 17:39:00', '2025-08-24 18:28:00', NULL, NULL, NULL, NULL, NULL, NULL, 49, '2025-10-02 19:21:13', '2025-10-02 19:21:13', 'present', NULL, NULL, 0, NULL),
(592, 11, '2025-08-12 18:14:00', '2025-08-12 23:07:00', NULL, NULL, NULL, NULL, NULL, NULL, 109, '2025-10-02 19:21:13', '2025-10-02 19:21:13', 'present', NULL, NULL, 0, NULL),
(598, 11, '2025-07-09 17:24:00', '2025-07-09 19:57:00', NULL, NULL, NULL, NULL, NULL, NULL, 118, '2025-10-02 19:21:13', '2025-10-02 19:21:13', 'present', NULL, NULL, 0, NULL),
(599, 11, '2025-08-29 19:24:00', '2025-08-29 20:23:00', NULL, NULL, NULL, NULL, NULL, NULL, 59, '2025-10-02 19:21:13', '2025-10-02 19:21:13', 'present', NULL, NULL, 0, NULL),
(600, 11, '2025-09-01 18:03:00', '2025-09-01 21:54:00', NULL, NULL, NULL, NULL, NULL, NULL, 120, '2025-10-02 19:21:13', '2025-10-02 19:21:13', 'present', NULL, NULL, 0, NULL),
(601, 11, '2025-09-14 21:12:00', '2025-09-14 22:03:00', NULL, NULL, NULL, NULL, NULL, NULL, 51, '2025-10-02 19:21:13', '2025-10-02 19:21:13', 'present', NULL, NULL, 0, NULL),
(605, 11, '2025-08-14 17:56:00', '2025-08-14 18:58:00', NULL, NULL, NULL, NULL, NULL, NULL, 62, '2025-10-02 19:21:13', '2025-10-02 19:21:13', 'present', NULL, NULL, 0, NULL),
(609, 11, '2025-09-07 18:10:00', '2025-09-07 18:53:00', NULL, NULL, NULL, NULL, NULL, NULL, 43, '2025-10-02 19:21:13', '2025-10-02 19:21:13', 'present', NULL, NULL, 0, NULL),
(611, 11, '2025-09-05 22:31:00', '2025-09-05 23:19:00', NULL, NULL, NULL, NULL, NULL, NULL, 48, '2025-10-02 19:21:13', '2025-10-02 19:21:13', 'present', NULL, NULL, 0, NULL),
(614, 11, '2025-08-15 20:10:00', '2025-08-15 23:08:00', NULL, NULL, NULL, NULL, NULL, NULL, 117, '2025-10-02 19:21:13', '2025-10-02 19:21:13', 'present', NULL, NULL, 0, NULL),
(622, 11, '2025-07-20 20:35:00', '2025-07-20 21:39:00', NULL, NULL, NULL, NULL, NULL, NULL, 64, '2025-10-02 19:21:13', '2025-10-02 19:21:13', 'present', NULL, NULL, 0, NULL),
(632, 11, '2025-08-22 18:37:00', '2025-08-22 19:14:00', NULL, NULL, NULL, NULL, NULL, NULL, 37, '2025-10-02 19:21:13', '2025-10-02 19:21:13', 'present', NULL, NULL, 0, NULL),
(633, 11, '2025-09-19 17:46:00', '2025-09-19 18:37:00', NULL, NULL, NULL, NULL, NULL, NULL, 51, '2025-10-02 19:21:13', '2025-10-02 19:21:13', 'present', NULL, NULL, 0, NULL),
(635, 11, '2025-07-31 21:36:00', '2025-07-31 22:21:00', NULL, NULL, NULL, NULL, NULL, NULL, 45, '2025-10-02 19:21:13', '2025-10-02 19:21:13', 'present', NULL, NULL, 0, NULL),
(637, 4, '2025-09-24 20:28:00', '2025-09-24 22:12:00', NULL, NULL, NULL, NULL, NULL, NULL, 111, '2025-10-02 19:21:13', '2025-10-02 19:21:13', 'present', NULL, NULL, 0, NULL),
(638, 4, '2025-08-17 18:29:00', '2025-08-17 23:14:00', NULL, NULL, NULL, NULL, NULL, NULL, 152, '2025-10-02 19:21:13', '2025-10-02 19:21:13', 'present', NULL, NULL, 0, NULL),
(639, 4, '2025-09-01 17:40:00', '2025-09-01 20:11:00', NULL, NULL, NULL, NULL, NULL, NULL, 186, '2025-10-02 19:21:13', '2025-10-02 19:21:13', 'present', NULL, NULL, 0, NULL),
(640, 4, '2025-07-12 22:13:00', '2025-07-12 23:04:00', NULL, NULL, NULL, NULL, NULL, NULL, 51, '2025-10-02 19:21:13', '2025-10-02 19:21:13', 'present', NULL, NULL, 0, NULL),
(641, 4, '2025-09-10 17:22:00', '2025-09-10 21:13:00', NULL, NULL, NULL, NULL, NULL, NULL, 214, '2025-10-02 19:21:13', '2025-10-02 19:21:13', 'present', NULL, NULL, 0, NULL),
(642, 4, '2025-07-20 17:56:00', '2025-07-20 20:29:00', NULL, NULL, NULL, NULL, NULL, NULL, 293, '2025-10-02 19:21:13', '2025-10-02 19:21:13', 'present', NULL, NULL, 0, NULL),
(643, 4, '2025-07-15 17:49:00', '2025-07-15 18:45:00', NULL, NULL, NULL, NULL, NULL, NULL, 56, '2025-10-02 19:21:13', '2025-10-02 19:21:13', 'present', NULL, NULL, 0, NULL),
(644, 4, '2025-09-23 17:46:00', '2025-09-23 23:39:00', NULL, NULL, NULL, NULL, NULL, NULL, 218, '2025-10-02 19:21:13', '2025-10-02 19:21:13', 'present', NULL, NULL, 0, NULL),
(645, 4, '2025-09-15 17:04:00', '2025-09-15 21:04:00', NULL, NULL, NULL, NULL, NULL, NULL, 89, '2025-10-02 19:21:13', '2025-10-02 19:21:13', 'present', NULL, NULL, 0, NULL),
(646, 4, '2025-08-08 17:13:00', '2025-08-08 23:57:00', NULL, NULL, NULL, NULL, NULL, NULL, 157, '2025-10-02 19:21:13', '2025-10-02 19:21:13', 'present', NULL, NULL, 0, NULL),
(647, 4, '2025-08-28 18:25:00', '2025-08-28 23:30:00', NULL, NULL, NULL, NULL, NULL, NULL, 111, '2025-10-02 19:21:13', '2025-10-02 19:21:13', 'present', NULL, NULL, 0, NULL),
(648, 4, '2025-08-29 17:02:00', '2025-08-29 22:42:00', NULL, NULL, NULL, NULL, NULL, NULL, 144, '2025-10-02 19:21:13', '2025-10-02 19:21:13', 'present', NULL, NULL, 0, NULL),
(649, 4, '2025-07-08 18:55:00', '2025-07-08 19:41:00', NULL, NULL, NULL, NULL, NULL, NULL, 46, '2025-10-02 19:21:13', '2025-10-02 19:21:13', 'present', NULL, NULL, 0, NULL),
(650, 4, '2025-09-28 17:32:00', '2025-09-28 19:42:00', NULL, NULL, NULL, NULL, NULL, NULL, 153, '2025-10-02 19:21:13', '2025-10-02 19:21:13', 'present', NULL, NULL, 0, NULL),
(651, 4, '2025-07-17 17:13:00', '2025-07-17 22:39:00', NULL, NULL, NULL, NULL, NULL, NULL, 94, '2025-10-02 19:21:13', '2025-10-02 19:21:13', 'present', NULL, NULL, 0, NULL),
(653, 4, '2025-08-24 18:40:00', '2025-08-24 19:42:00', NULL, NULL, NULL, NULL, NULL, NULL, 62, '2025-10-02 19:21:13', '2025-10-02 19:21:13', 'present', NULL, NULL, 0, NULL),
(654, 4, '2025-09-02 19:51:00', '2025-09-02 23:06:00', NULL, NULL, NULL, NULL, NULL, NULL, 209, '2025-10-02 19:21:13', '2025-10-02 19:21:13', 'present', NULL, NULL, 0, NULL),
(655, 4, '2025-08-12 20:44:00', '2025-08-12 21:42:00', NULL, NULL, NULL, NULL, NULL, NULL, 58, '2025-10-02 19:21:13', '2025-10-02 19:21:13', 'present', NULL, NULL, 0, NULL),
(657, 4, '2025-09-04 21:26:00', '2025-09-04 22:30:00', NULL, NULL, NULL, NULL, NULL, NULL, 64, '2025-10-02 19:21:13', '2025-10-02 19:21:13', 'present', NULL, NULL, 0, NULL),
(658, 4, '2025-09-09 17:04:00', '2025-09-09 18:37:00', NULL, NULL, NULL, NULL, NULL, NULL, 95, '2025-10-02 19:21:13', '2025-10-02 19:21:13', 'present', NULL, NULL, 0, NULL),
(659, 4, '2025-08-26 22:55:00', '2025-08-26 23:43:00', NULL, NULL, NULL, NULL, NULL, NULL, 48, '2025-10-02 19:21:13', '2025-10-02 19:21:13', 'present', NULL, NULL, 0, NULL),
(660, 4, '2025-08-20 17:24:00', '2025-08-20 22:29:00', NULL, NULL, NULL, NULL, NULL, NULL, 159, '2025-10-02 19:21:13', '2025-10-02 19:21:13', 'present', NULL, NULL, 0, NULL),
(661, 4, '2025-08-15 17:00:00', '2025-08-15 17:47:00', NULL, NULL, NULL, NULL, NULL, NULL, 47, '2025-10-02 19:21:13', '2025-10-02 19:21:13', 'present', NULL, NULL, 0, NULL),
(663, 4, '2025-09-21 18:19:00', '2025-09-21 20:09:00', NULL, NULL, NULL, NULL, NULL, NULL, 114, '2025-10-02 19:21:13', '2025-10-02 19:21:13', 'present', NULL, NULL, 0, NULL),
(664, 4, '2025-08-23 18:50:00', '2025-08-23 22:53:00', NULL, NULL, NULL, NULL, NULL, NULL, 106, '2025-10-02 19:21:13', '2025-10-02 19:21:13', 'present', NULL, NULL, 0, NULL),
(665, 4, '2025-08-05 18:03:00', '2025-08-05 19:02:00', NULL, NULL, NULL, NULL, NULL, NULL, 59, '2025-10-02 19:21:13', '2025-10-02 19:21:13', 'present', NULL, NULL, 0, NULL),
(666, 4, '2025-07-24 18:41:00', '2025-07-24 22:33:00', NULL, NULL, NULL, NULL, NULL, NULL, 137, '2025-10-02 19:21:13', '2025-10-02 19:21:13', 'present', NULL, NULL, 0, NULL),
(667, 4, '2025-07-01 17:32:00', '2025-07-01 22:55:00', NULL, NULL, NULL, NULL, NULL, NULL, 157, '2025-10-02 19:21:13', '2025-10-02 19:21:13', 'present', NULL, NULL, 0, NULL),
(668, 4, '2025-06-30 17:21:00', '2025-06-30 22:48:00', NULL, NULL, NULL, NULL, NULL, NULL, 148, '2025-10-02 19:21:13', '2025-10-02 19:21:13', 'present', NULL, NULL, 0, NULL),
(671, 4, '2025-07-14 19:46:00', '2025-07-14 20:35:00', NULL, NULL, NULL, NULL, NULL, NULL, 49, '2025-10-02 19:21:13', '2025-10-02 19:21:13', 'present', NULL, NULL, 0, NULL),
(672, 4, '2025-09-12 17:35:00', '2025-09-12 19:09:00', NULL, NULL, NULL, NULL, NULL, NULL, 122, '2025-10-02 19:21:13', '2025-10-02 19:21:13', 'present', NULL, NULL, 0, NULL),
(673, 4, '2025-09-14 21:11:00', '2025-09-14 22:15:00', NULL, NULL, NULL, NULL, NULL, NULL, 111, '2025-10-02 19:21:13', '2025-10-02 19:21:13', 'present', NULL, NULL, 0, NULL),
(674, 4, '2025-09-18 18:57:00', '2025-09-18 23:23:00', NULL, NULL, NULL, NULL, NULL, NULL, 137, '2025-10-02 19:21:13', '2025-10-02 19:21:13', 'present', NULL, NULL, 0, NULL),
(678, 4, '2025-07-04 21:51:00', '2025-07-04 22:52:00', NULL, NULL, NULL, NULL, NULL, NULL, 61, '2025-10-02 19:21:13', '2025-10-02 19:21:13', 'present', NULL, NULL, 0, NULL),
(680, 4, '2025-07-05 18:17:00', '2025-07-05 21:15:00', NULL, NULL, NULL, NULL, NULL, NULL, 109, '2025-10-02 19:21:13', '2025-10-02 19:21:13', 'present', NULL, NULL, 0, NULL),
(681, 4, '2025-09-08 19:56:00', '2025-09-08 20:43:00', NULL, NULL, NULL, NULL, NULL, NULL, 47, '2025-10-02 19:21:13', '2025-10-02 19:21:13', 'present', NULL, NULL, 0, NULL),
(683, 4, '2025-07-18 18:17:00', '2025-07-18 19:46:00', NULL, NULL, NULL, NULL, NULL, NULL, 105, '2025-10-02 19:21:13', '2025-10-02 19:21:13', 'present', NULL, NULL, 0, NULL),
(684, 4, '2025-07-11 20:56:00', '2025-07-11 23:05:00', NULL, NULL, NULL, NULL, NULL, NULL, 121, '2025-10-02 19:21:13', '2025-10-02 19:21:13', 'present', NULL, NULL, 0, NULL),
(685, 4, '2025-08-11 19:58:00', '2025-08-11 21:30:00', NULL, NULL, NULL, NULL, NULL, NULL, 119, '2025-10-02 19:21:13', '2025-10-02 19:21:13', 'present', NULL, NULL, 0, NULL),
(687, 4, '2025-07-23 19:16:00', '2025-07-23 20:57:00', NULL, NULL, NULL, NULL, NULL, NULL, 117, '2025-10-02 19:21:13', '2025-10-02 19:21:13', 'present', NULL, NULL, 0, NULL),
(690, 4, '2025-08-25 19:50:00', '2025-08-25 20:51:00', NULL, NULL, NULL, NULL, NULL, NULL, 61, '2025-10-02 19:21:13', '2025-10-02 19:21:13', 'present', NULL, NULL, 0, NULL),
(691, 4, '2025-07-21 19:25:00', '2025-07-21 20:27:00', NULL, NULL, NULL, NULL, NULL, NULL, 62, '2025-10-02 19:21:13', '2025-10-02 19:21:13', 'present', NULL, NULL, 0, NULL),
(692, 4, '2025-09-07 19:59:00', '2025-09-07 20:42:00', NULL, NULL, NULL, NULL, NULL, NULL, 43, '2025-10-02 19:21:13', '2025-10-02 19:21:13', 'present', NULL, NULL, 0, NULL),
(693, 4, '2025-07-09 20:16:00', '2025-07-09 21:25:00', NULL, NULL, NULL, NULL, NULL, NULL, 69, '2025-10-02 19:21:13', '2025-10-02 19:21:13', 'present', NULL, NULL, 0, NULL),
(696, 4, '2025-07-26 19:51:00', '2025-07-26 20:49:00', NULL, NULL, NULL, NULL, NULL, NULL, 58, '2025-10-02 19:21:13', '2025-10-02 19:21:13', 'present', NULL, NULL, 0, NULL),
(697, 4, '2025-08-07 22:42:00', '2025-08-07 23:44:00', NULL, NULL, NULL, NULL, NULL, NULL, 62, '2025-10-02 19:21:13', '2025-10-02 19:21:13', 'present', NULL, NULL, 0, NULL),
(702, 4, '2025-09-16 17:55:00', '2025-09-16 22:53:00', NULL, NULL, NULL, NULL, NULL, NULL, 225, '2025-10-02 19:21:13', '2025-10-02 19:21:13', 'present', NULL, NULL, 0, NULL),
(704, 4, '2025-07-13 17:11:00', '2025-07-13 19:45:00', NULL, NULL, NULL, NULL, NULL, NULL, 119, '2025-10-02 19:21:13', '2025-10-02 19:21:13', 'present', NULL, NULL, 0, NULL),
(705, 4, '2025-08-31 19:47:00', '2025-08-31 23:49:00', NULL, NULL, NULL, NULL, NULL, NULL, 179, '2025-10-02 19:21:13', '2025-10-02 19:21:13', 'present', NULL, NULL, 0, NULL),
(707, 4, '2025-07-02 22:28:00', '2025-07-02 23:25:00', NULL, NULL, NULL, NULL, NULL, NULL, 57, '2025-10-02 19:21:13', '2025-10-02 19:21:13', 'present', NULL, NULL, 0, NULL),
(709, 4, '2025-07-10 22:07:00', '2025-07-10 22:48:00', NULL, NULL, NULL, NULL, NULL, NULL, 41, '2025-10-02 19:21:13', '2025-10-02 19:21:13', 'present', NULL, NULL, 0, NULL),
(711, 4, '2025-08-16 18:56:00', '2025-08-16 19:42:00', NULL, NULL, NULL, NULL, NULL, NULL, 46, '2025-10-02 19:21:13', '2025-10-02 19:21:13', 'present', NULL, NULL, 0, NULL),
(712, 4, '2025-07-25 20:22:00', '2025-07-25 21:08:00', NULL, NULL, NULL, NULL, NULL, NULL, 46, '2025-10-02 19:21:13', '2025-10-02 19:21:13', 'present', NULL, NULL, 0, NULL),
(714, 4, '2025-09-20 17:51:00', '2025-09-20 18:50:00', NULL, NULL, NULL, NULL, NULL, NULL, 59, '2025-10-02 19:21:13', '2025-10-02 19:21:13', 'present', NULL, NULL, 0, NULL),
(717, 4, '2025-08-27 18:36:00', '2025-08-27 23:09:00', NULL, NULL, NULL, NULL, NULL, NULL, 162, '2025-10-02 19:21:13', '2025-10-02 19:21:13', 'present', NULL, NULL, 0, NULL),
(719, 4, '2025-08-13 21:25:00', '2025-08-13 22:29:00', NULL, NULL, NULL, NULL, NULL, NULL, 64, '2025-10-02 19:21:13', '2025-10-02 19:21:13', 'present', NULL, NULL, 0, NULL),
(721, 4, '2025-08-02 22:28:00', '2025-08-02 23:29:00', NULL, NULL, NULL, NULL, NULL, NULL, 61, '2025-10-02 19:21:13', '2025-10-02 19:21:13', 'present', NULL, NULL, 0, NULL),
(723, 4, '2025-09-05 18:48:00', '2025-09-05 20:20:00', NULL, NULL, NULL, NULL, NULL, NULL, 108, '2025-10-02 19:21:13', '2025-10-02 19:21:13', 'present', NULL, NULL, 0, NULL),
(724, 4, '2025-08-03 20:30:00', '2025-08-03 23:38:00', NULL, NULL, NULL, NULL, NULL, NULL, 141, '2025-10-02 19:21:13', '2025-10-02 19:21:13', 'present', NULL, NULL, 0, NULL),
(732, 4, '2025-09-22 20:28:00', '2025-09-22 21:26:00', NULL, NULL, NULL, NULL, NULL, NULL, 58, '2025-10-02 19:21:13', '2025-10-02 19:21:13', 'present', NULL, NULL, 0, NULL),
(740, 4, '2025-08-14 21:14:00', '2025-08-14 22:04:00', NULL, NULL, NULL, NULL, NULL, NULL, 50, '2025-10-02 19:21:13', '2025-10-02 19:21:13', 'present', NULL, NULL, 0, NULL),
(741, 4, '2025-09-25 17:44:00', '2025-09-25 20:41:00', NULL, NULL, NULL, NULL, NULL, NULL, 109, '2025-10-02 19:21:13', '2025-10-02 19:21:13', 'present', NULL, NULL, 0, NULL),
(743, 4, '2025-09-19 20:30:00', '2025-09-19 21:27:00', NULL, NULL, NULL, NULL, NULL, NULL, 57, '2025-10-02 19:21:13', '2025-10-02 19:21:13', 'present', NULL, NULL, 0, NULL),
(754, 4, '2025-08-18 22:51:00', '2025-08-18 23:53:00', NULL, NULL, NULL, NULL, NULL, NULL, 62, '2025-10-02 19:21:13', '2025-10-02 19:21:13', 'present', NULL, NULL, 0, NULL),
(755, 4, '2025-07-30 19:59:00', '2025-07-30 21:00:00', NULL, NULL, NULL, NULL, NULL, NULL, 61, '2025-10-02 19:21:13', '2025-10-02 19:21:13', 'present', NULL, NULL, 0, NULL),
(758, 4, '2025-07-06 20:37:00', '2025-07-06 21:40:00', NULL, NULL, NULL, NULL, NULL, NULL, 63, '2025-10-02 19:21:13', '2025-10-02 19:21:13', 'present', NULL, NULL, 0, NULL),
(763, 9, '2025-09-24 20:28:00', '2025-09-24 22:12:00', NULL, NULL, NULL, NULL, NULL, NULL, 111, '2025-10-02 19:21:13', '2025-10-02 19:21:13', 'present', NULL, NULL, 0, NULL),
(764, 9, '2025-08-17 18:29:00', '2025-08-17 23:14:00', NULL, NULL, NULL, NULL, NULL, NULL, 152, '2025-10-02 19:21:13', '2025-10-02 19:21:13', 'present', NULL, NULL, 0, NULL),
(765, 9, '2025-09-01 17:40:00', '2025-09-01 20:11:00', NULL, NULL, NULL, NULL, NULL, NULL, 186, '2025-10-02 19:21:13', '2025-10-02 19:21:13', 'present', NULL, NULL, 0, NULL),
(766, 9, '2025-07-12 22:13:00', '2025-07-12 23:04:00', NULL, NULL, NULL, NULL, NULL, NULL, 51, '2025-10-02 19:21:13', '2025-10-02 19:21:13', 'present', NULL, NULL, 0, NULL),
(767, 9, '2025-09-10 17:22:00', '2025-09-10 21:13:00', NULL, NULL, NULL, NULL, NULL, NULL, 214, '2025-10-02 19:21:13', '2025-10-02 19:21:13', 'present', NULL, NULL, 0, NULL),
(768, 9, '2025-07-20 17:56:00', '2025-07-20 20:29:00', NULL, NULL, NULL, NULL, NULL, NULL, 293, '2025-10-02 19:21:13', '2025-10-02 19:21:13', 'present', NULL, NULL, 0, NULL),
(769, 9, '2025-07-15 17:49:00', '2025-07-15 18:45:00', NULL, NULL, NULL, NULL, NULL, NULL, 56, '2025-10-02 19:21:13', '2025-10-02 19:21:13', 'present', NULL, NULL, 0, NULL),
(770, 9, '2025-09-23 17:46:00', '2025-09-23 23:39:00', NULL, NULL, NULL, NULL, NULL, NULL, 218, '2025-10-02 19:21:13', '2025-10-02 19:21:13', 'present', NULL, NULL, 0, NULL),
(771, 9, '2025-09-15 17:04:00', '2025-09-15 21:04:00', NULL, NULL, NULL, NULL, NULL, NULL, 89, '2025-10-02 19:21:13', '2025-10-02 19:21:13', 'present', NULL, NULL, 0, NULL),
(772, 9, '2025-08-08 17:13:00', '2025-08-08 23:57:00', NULL, NULL, NULL, NULL, NULL, NULL, 157, '2025-10-02 19:21:13', '2025-10-02 19:21:13', 'present', NULL, NULL, 0, NULL),
(773, 9, '2025-08-28 18:25:00', '2025-08-28 23:30:00', NULL, NULL, NULL, NULL, NULL, NULL, 111, '2025-10-02 19:21:13', '2025-10-02 19:21:13', 'present', NULL, NULL, 0, NULL),
(774, 9, '2025-08-29 17:02:00', '2025-08-29 22:42:00', NULL, NULL, NULL, NULL, NULL, NULL, 144, '2025-10-02 19:21:13', '2025-10-02 19:21:13', 'present', NULL, NULL, 0, NULL),
(775, 9, '2025-07-08 18:55:00', '2025-07-08 19:41:00', NULL, NULL, NULL, NULL, NULL, NULL, 46, '2025-10-02 19:21:13', '2025-10-02 19:21:13', 'present', NULL, NULL, 0, NULL),
(776, 9, '2025-09-28 17:32:00', '2025-09-28 19:42:00', NULL, NULL, NULL, NULL, NULL, NULL, 153, '2025-10-02 19:21:13', '2025-10-02 19:21:13', 'present', NULL, NULL, 0, NULL),
(777, 9, '2025-07-17 17:13:00', '2025-07-17 22:39:00', NULL, NULL, NULL, NULL, NULL, NULL, 94, '2025-10-02 19:21:13', '2025-10-02 19:21:13', 'present', NULL, NULL, 0, NULL),
(779, 9, '2025-08-24 18:40:00', '2025-08-24 19:42:00', NULL, NULL, NULL, NULL, NULL, NULL, 62, '2025-10-02 19:21:13', '2025-10-02 19:21:13', 'present', NULL, NULL, 0, NULL),
(780, 9, '2025-09-02 19:51:00', '2025-09-02 23:06:00', NULL, NULL, NULL, NULL, NULL, NULL, 209, '2025-10-02 19:21:13', '2025-10-02 19:21:13', 'present', NULL, NULL, 0, NULL),
(781, 9, '2025-08-12 20:44:00', '2025-08-12 21:42:00', NULL, NULL, NULL, NULL, NULL, NULL, 58, '2025-10-02 19:21:13', '2025-10-02 19:21:13', 'present', NULL, NULL, 0, NULL),
(783, 9, '2025-09-04 21:26:00', '2025-09-04 22:30:00', NULL, NULL, NULL, NULL, NULL, NULL, 64, '2025-10-02 19:21:13', '2025-10-02 19:21:13', 'present', NULL, NULL, 0, NULL),
(784, 9, '2025-09-09 17:04:00', '2025-09-09 18:37:00', NULL, NULL, NULL, NULL, NULL, NULL, 95, '2025-10-02 19:21:13', '2025-10-02 19:21:13', 'present', NULL, NULL, 0, NULL),
(785, 9, '2025-08-26 22:55:00', '2025-08-26 23:43:00', NULL, NULL, NULL, NULL, NULL, NULL, 48, '2025-10-02 19:21:13', '2025-10-02 19:21:13', 'present', NULL, NULL, 0, NULL),
(786, 9, '2025-08-20 17:24:00', '2025-08-20 22:29:00', NULL, NULL, NULL, NULL, NULL, NULL, 159, '2025-10-02 19:21:13', '2025-10-02 19:21:13', 'present', NULL, NULL, 0, NULL),
(787, 9, '2025-08-15 17:00:00', '2025-08-15 17:47:00', NULL, NULL, NULL, NULL, NULL, NULL, 47, '2025-10-02 19:21:13', '2025-10-02 19:21:13', 'present', NULL, NULL, 0, NULL),
(789, 9, '2025-09-21 18:19:00', '2025-09-21 20:09:00', NULL, NULL, NULL, NULL, NULL, NULL, 114, '2025-10-02 19:21:13', '2025-10-02 19:21:13', 'present', NULL, NULL, 0, NULL),
(790, 9, '2025-08-23 18:50:00', '2025-08-23 22:53:00', NULL, NULL, NULL, NULL, NULL, NULL, 106, '2025-10-02 19:21:13', '2025-10-02 19:21:13', 'present', NULL, NULL, 0, NULL),
(791, 9, '2025-08-05 18:03:00', '2025-08-05 19:02:00', NULL, NULL, NULL, NULL, NULL, NULL, 59, '2025-10-02 19:21:13', '2025-10-02 19:21:13', 'present', NULL, NULL, 0, NULL),
(792, 9, '2025-07-24 18:41:00', '2025-07-24 22:33:00', NULL, NULL, NULL, NULL, NULL, NULL, 137, '2025-10-02 19:21:13', '2025-10-02 19:21:13', 'present', NULL, NULL, 0, NULL),
(793, 9, '2025-07-01 17:32:00', '2025-07-01 22:55:00', NULL, NULL, NULL, NULL, NULL, NULL, 157, '2025-10-02 19:21:13', '2025-10-02 19:21:13', 'present', NULL, NULL, 0, NULL),
(794, 9, '2025-06-30 17:21:00', '2025-06-30 22:48:00', NULL, NULL, NULL, NULL, NULL, NULL, 148, '2025-10-02 19:21:13', '2025-10-02 19:21:13', 'present', NULL, NULL, 0, NULL),
(797, 9, '2025-07-14 19:46:00', '2025-07-14 20:35:00', NULL, NULL, NULL, NULL, NULL, NULL, 49, '2025-10-02 19:21:13', '2025-10-02 19:21:13', 'present', NULL, NULL, 0, NULL),
(798, 9, '2025-09-12 17:35:00', '2025-09-12 19:09:00', NULL, NULL, NULL, NULL, NULL, NULL, 122, '2025-10-02 19:21:13', '2025-10-02 19:21:13', 'present', NULL, NULL, 0, NULL),
(799, 9, '2025-09-14 21:11:00', '2025-09-14 22:15:00', NULL, NULL, NULL, NULL, NULL, NULL, 111, '2025-10-02 19:21:13', '2025-10-02 19:21:13', 'present', NULL, NULL, 0, NULL),
(800, 9, '2025-09-18 18:57:00', '2025-09-18 23:23:00', NULL, NULL, NULL, NULL, NULL, NULL, 137, '2025-10-02 19:21:13', '2025-10-02 19:21:13', 'present', NULL, NULL, 0, NULL),
(804, 9, '2025-07-04 21:51:00', '2025-07-04 22:52:00', NULL, NULL, NULL, NULL, NULL, NULL, 61, '2025-10-02 19:21:13', '2025-10-02 19:21:13', 'present', NULL, NULL, 0, NULL),
(806, 9, '2025-07-05 18:17:00', '2025-07-05 21:15:00', NULL, NULL, NULL, NULL, NULL, NULL, 109, '2025-10-02 19:21:13', '2025-10-02 19:21:13', 'present', NULL, NULL, 0, NULL),
(807, 9, '2025-09-08 19:56:00', '2025-09-08 20:43:00', NULL, NULL, NULL, NULL, NULL, NULL, 47, '2025-10-02 19:21:13', '2025-10-02 19:21:13', 'present', NULL, NULL, 0, NULL),
(809, 9, '2025-07-18 18:17:00', '2025-07-18 19:46:00', NULL, NULL, NULL, NULL, NULL, NULL, 105, '2025-10-02 19:21:13', '2025-10-02 19:21:13', 'present', NULL, NULL, 0, NULL),
(810, 9, '2025-07-11 20:56:00', '2025-07-11 23:05:00', NULL, NULL, NULL, NULL, NULL, NULL, 121, '2025-10-02 19:21:13', '2025-10-02 19:21:13', 'present', NULL, NULL, 0, NULL),
(811, 9, '2025-08-11 19:58:00', '2025-08-11 21:30:00', NULL, NULL, NULL, NULL, NULL, NULL, 119, '2025-10-02 19:21:13', '2025-10-02 19:21:13', 'present', NULL, NULL, 0, NULL),
(813, 9, '2025-07-23 19:16:00', '2025-07-23 20:57:00', NULL, NULL, NULL, NULL, NULL, NULL, 117, '2025-10-02 19:21:13', '2025-10-02 19:21:13', 'present', NULL, NULL, 0, NULL),
(816, 9, '2025-08-25 19:50:00', '2025-08-25 20:51:00', NULL, NULL, NULL, NULL, NULL, NULL, 61, '2025-10-02 19:21:13', '2025-10-02 19:21:13', 'present', NULL, NULL, 0, NULL),
(817, 9, '2025-07-21 19:25:00', '2025-07-21 20:27:00', NULL, NULL, NULL, NULL, NULL, NULL, 62, '2025-10-02 19:21:13', '2025-10-02 19:21:13', 'present', NULL, NULL, 0, NULL),
(818, 9, '2025-09-07 19:59:00', '2025-09-07 20:42:00', NULL, NULL, NULL, NULL, NULL, NULL, 43, '2025-10-02 19:21:13', '2025-10-02 19:21:13', 'present', NULL, NULL, 0, NULL),
(819, 9, '2025-07-09 20:16:00', '2025-07-09 21:25:00', NULL, NULL, NULL, NULL, NULL, NULL, 69, '2025-10-02 19:21:13', '2025-10-02 19:21:13', 'present', NULL, NULL, 0, NULL),
(822, 9, '2025-07-26 19:51:00', '2025-07-26 20:49:00', NULL, NULL, NULL, NULL, NULL, NULL, 58, '2025-10-02 19:21:13', '2025-10-02 19:21:13', 'present', NULL, NULL, 0, NULL),
(823, 9, '2025-08-07 22:42:00', '2025-08-07 23:44:00', NULL, NULL, NULL, NULL, NULL, NULL, 62, '2025-10-02 19:21:13', '2025-10-02 19:21:13', 'present', NULL, NULL, 0, NULL),
(828, 9, '2025-09-16 17:55:00', '2025-09-16 22:53:00', NULL, NULL, NULL, NULL, NULL, NULL, 225, '2025-10-02 19:21:13', '2025-10-02 19:21:13', 'present', NULL, NULL, 0, NULL),
(830, 9, '2025-07-13 17:11:00', '2025-07-13 19:45:00', NULL, NULL, NULL, NULL, NULL, NULL, 119, '2025-10-02 19:21:13', '2025-10-02 19:21:13', 'present', NULL, NULL, 0, NULL),
(831, 9, '2025-08-31 19:47:00', '2025-08-31 23:49:00', NULL, NULL, NULL, NULL, NULL, NULL, 179, '2025-10-02 19:21:13', '2025-10-02 19:21:13', 'present', NULL, NULL, 0, NULL),
(833, 9, '2025-07-02 22:28:00', '2025-07-02 23:25:00', NULL, NULL, NULL, NULL, NULL, NULL, 57, '2025-10-02 19:21:13', '2025-10-02 19:21:13', 'present', NULL, NULL, 0, NULL),
(835, 9, '2025-07-10 22:07:00', '2025-07-10 22:48:00', NULL, NULL, NULL, NULL, NULL, NULL, 41, '2025-10-02 19:21:13', '2025-10-02 19:21:13', 'present', NULL, NULL, 0, NULL),
(837, 9, '2025-08-16 18:56:00', '2025-08-16 19:42:00', NULL, NULL, NULL, NULL, NULL, NULL, 46, '2025-10-02 19:21:13', '2025-10-02 19:21:13', 'present', NULL, NULL, 0, NULL),
(838, 9, '2025-07-25 20:22:00', '2025-07-25 21:08:00', NULL, NULL, NULL, NULL, NULL, NULL, 46, '2025-10-02 19:21:13', '2025-10-02 19:21:13', 'present', NULL, NULL, 0, NULL),
(840, 9, '2025-09-20 17:51:00', '2025-09-20 18:50:00', NULL, NULL, NULL, NULL, NULL, NULL, 59, '2025-10-02 19:21:13', '2025-10-02 19:21:13', 'present', NULL, NULL, 0, NULL),
(843, 9, '2025-08-27 18:36:00', '2025-08-27 23:09:00', NULL, NULL, NULL, NULL, NULL, NULL, 162, '2025-10-02 19:21:13', '2025-10-02 19:21:13', 'present', NULL, NULL, 0, NULL),
(845, 9, '2025-08-13 21:25:00', '2025-08-13 22:29:00', NULL, NULL, NULL, NULL, NULL, NULL, 64, '2025-10-02 19:21:13', '2025-10-02 19:21:13', 'present', NULL, NULL, 0, NULL),
(847, 9, '2025-08-02 22:28:00', '2025-08-02 23:29:00', NULL, NULL, NULL, NULL, NULL, NULL, 61, '2025-10-02 19:21:13', '2025-10-02 19:21:13', 'present', NULL, NULL, 0, NULL),
(849, 9, '2025-09-05 18:48:00', '2025-09-05 20:20:00', NULL, NULL, NULL, NULL, NULL, NULL, 108, '2025-10-02 19:21:13', '2025-10-02 19:21:13', 'present', NULL, NULL, 0, NULL),
(850, 9, '2025-08-03 20:30:00', '2025-08-03 23:38:00', NULL, NULL, NULL, NULL, NULL, NULL, 141, '2025-10-02 19:21:13', '2025-10-02 19:21:13', 'present', NULL, NULL, 0, NULL),
(858, 9, '2025-09-22 20:28:00', '2025-09-22 21:26:00', NULL, NULL, NULL, NULL, NULL, NULL, 58, '2025-10-02 19:21:13', '2025-10-02 19:21:13', 'present', NULL, NULL, 0, NULL),
(866, 9, '2025-08-14 21:14:00', '2025-08-14 22:04:00', NULL, NULL, NULL, NULL, NULL, NULL, 50, '2025-10-02 19:21:13', '2025-10-02 19:21:13', 'present', NULL, NULL, 0, NULL),
(867, 9, '2025-09-25 17:44:00', '2025-09-25 20:41:00', NULL, NULL, NULL, NULL, NULL, NULL, 109, '2025-10-02 19:21:13', '2025-10-02 19:21:13', 'present', NULL, NULL, 0, NULL),
(869, 9, '2025-09-19 20:30:00', '2025-09-19 21:27:00', NULL, NULL, NULL, NULL, NULL, NULL, 57, '2025-10-02 19:21:13', '2025-10-02 19:21:13', 'present', NULL, NULL, 0, NULL),
(880, 9, '2025-08-18 22:51:00', '2025-08-18 23:53:00', NULL, NULL, NULL, NULL, NULL, NULL, 62, '2025-10-02 19:21:13', '2025-10-02 19:21:13', 'present', NULL, NULL, 0, NULL),
(881, 9, '2025-07-30 19:59:00', '2025-07-30 21:00:00', NULL, NULL, NULL, NULL, NULL, NULL, 61, '2025-10-02 19:21:13', '2025-10-02 19:21:13', 'present', NULL, NULL, 0, NULL),
(884, 9, '2025-07-06 20:37:00', '2025-07-06 21:40:00', NULL, NULL, NULL, NULL, NULL, NULL, 63, '2025-10-02 19:21:13', '2025-10-02 19:21:13', 'present', NULL, NULL, 0, NULL),
(889, 5, '2025-08-11 20:18:00', '2025-08-11 21:10:00', NULL, NULL, NULL, NULL, NULL, NULL, 52, '2025-10-02 19:21:13', '2025-10-02 19:21:13', 'present', NULL, NULL, 0, NULL),
(890, 5, '2025-07-01 19:52:00', '2025-07-01 20:55:00', NULL, NULL, NULL, NULL, NULL, NULL, 63, '2025-10-02 19:21:13', '2025-10-02 19:21:13', 'present', NULL, NULL, 0, NULL),
(891, 5, '2025-08-02 18:02:00', '2025-08-02 20:01:00', NULL, NULL, NULL, NULL, NULL, NULL, 163, '2025-10-02 19:21:13', '2025-10-02 19:21:13', 'present', NULL, NULL, 0, NULL),
(892, 5, '2025-09-08 17:18:00', '2025-09-08 23:13:00', NULL, NULL, NULL, NULL, NULL, NULL, 262, '2025-10-02 19:21:13', '2025-10-02 19:21:13', 'present', NULL, NULL, 0, NULL),
(893, 5, '2025-07-05 18:13:00', '2025-07-05 19:11:00', NULL, NULL, NULL, NULL, NULL, NULL, 58, '2025-10-02 19:21:13', '2025-10-02 19:21:13', 'present', NULL, NULL, 0, NULL),
(894, 5, '2025-08-01 17:05:00', '2025-08-01 22:22:00', NULL, NULL, NULL, NULL, NULL, NULL, 153, '2025-10-02 19:21:13', '2025-10-02 19:21:13', 'present', NULL, NULL, 0, NULL),
(895, 5, '2025-09-29 17:02:00', '2025-09-29 20:39:00', NULL, NULL, NULL, NULL, NULL, NULL, 148, '2025-10-02 19:21:13', '2025-10-02 19:21:13', 'present', NULL, NULL, 0, NULL),
(896, 5, '2025-08-14 20:07:00', '2025-08-14 21:06:00', NULL, NULL, NULL, NULL, NULL, NULL, 59, '2025-10-02 19:21:13', '2025-10-02 19:21:13', 'present', NULL, NULL, 0, NULL),
(897, 5, '2025-07-16 18:21:00', '2025-07-16 19:59:00', NULL, NULL, NULL, NULL, NULL, NULL, 79, '2025-10-02 19:21:13', '2025-10-02 19:21:13', 'present', NULL, NULL, 0, NULL),
(898, 5, '2025-09-28 17:14:00', '2025-09-28 23:51:00', NULL, NULL, NULL, NULL, NULL, NULL, 159, '2025-10-02 19:21:13', '2025-10-02 19:21:13', 'present', NULL, NULL, 0, NULL),
(899, 5, '2025-07-14 17:11:00', '2025-07-14 23:32:00', NULL, NULL, NULL, NULL, NULL, NULL, 149, '2025-10-02 19:21:13', '2025-10-02 19:21:13', 'present', NULL, NULL, 0, NULL),
(900, 5, '2025-07-26 20:22:00', '2025-07-26 21:09:00', NULL, NULL, NULL, NULL, NULL, NULL, 47, '2025-10-02 19:21:13', '2025-10-02 19:21:13', 'present', NULL, NULL, 0, NULL),
(901, 5, '2025-07-27 17:28:00', '2025-07-27 21:42:00', NULL, NULL, NULL, NULL, NULL, NULL, 209, '2025-10-02 19:21:13', '2025-10-02 19:21:13', 'present', NULL, NULL, 0, NULL),
(902, 5, '2025-09-20 18:34:00', '2025-09-20 19:15:00', NULL, NULL, NULL, NULL, NULL, NULL, 41, '2025-10-02 19:21:13', '2025-10-02 19:21:13', 'present', NULL, NULL, 0, NULL),
(903, 5, '2025-08-19 17:25:00', '2025-08-19 18:42:00', NULL, NULL, NULL, NULL, NULL, NULL, 108, '2025-10-02 19:21:13', '2025-10-02 19:21:13', 'present', NULL, NULL, 0, NULL),
(905, 5, '2025-08-30 19:29:00', '2025-08-30 20:12:00', NULL, NULL, NULL, NULL, NULL, NULL, 43, '2025-10-02 19:21:13', '2025-10-02 19:21:13', 'present', NULL, NULL, 0, NULL),
(906, 5, '2025-07-24 18:37:00', '2025-07-24 22:16:00', NULL, NULL, NULL, NULL, NULL, NULL, 105, '2025-10-02 19:21:13', '2025-10-02 19:21:13', 'present', NULL, NULL, 0, NULL),
(908, 5, '2025-09-18 19:35:00', '2025-09-18 20:32:00', NULL, NULL, NULL, NULL, NULL, NULL, 57, '2025-10-02 19:21:13', '2025-10-02 19:21:13', 'present', NULL, NULL, 0, NULL),
(909, 5, '2025-07-13 17:44:00', '2025-07-13 23:25:00', NULL, NULL, NULL, NULL, NULL, NULL, 182, '2025-10-02 19:21:13', '2025-10-02 19:21:13', 'present', NULL, NULL, 0, NULL),
(911, 5, '2025-09-03 19:14:00', '2025-09-03 22:14:00', NULL, NULL, NULL, NULL, NULL, NULL, 97, '2025-10-02 19:21:13', '2025-10-02 19:21:13', 'present', NULL, NULL, 0, NULL),
(913, 5, '2025-07-23 21:42:00', '2025-07-23 22:30:00', NULL, NULL, NULL, NULL, NULL, NULL, 48, '2025-10-02 19:21:13', '2025-10-02 19:21:13', 'present', NULL, NULL, 0, NULL),
(915, 5, '2025-08-04 22:13:00', '2025-08-04 23:00:00', NULL, NULL, NULL, NULL, NULL, NULL, 47, '2025-10-02 19:21:13', '2025-10-02 19:21:13', 'present', NULL, NULL, 0, NULL),
(916, 5, '2025-09-15 21:36:00', '2025-09-15 22:16:00', NULL, NULL, NULL, NULL, NULL, NULL, 40, '2025-10-02 19:21:13', '2025-10-02 19:21:13', 'present', NULL, NULL, 0, NULL),
(917, 5, '2025-07-29 21:23:00', '2025-07-29 22:50:00', NULL, NULL, NULL, NULL, NULL, NULL, 97, '2025-10-02 19:21:13', '2025-10-02 19:21:13', 'present', NULL, NULL, 0, NULL),
(919, 5, '2025-07-20 17:59:00', '2025-07-20 18:59:00', NULL, NULL, NULL, NULL, NULL, NULL, 60, '2025-10-02 19:21:13', '2025-10-02 19:21:13', 'present', NULL, NULL, 0, NULL),
(922, 5, '2025-08-09 19:10:00', '2025-08-09 19:58:00', NULL, NULL, NULL, NULL, NULL, NULL, 48, '2025-10-02 19:21:13', '2025-10-02 19:21:13', 'present', NULL, NULL, 0, NULL),
(924, 5, '2025-08-20 22:30:00', '2025-08-20 23:38:00', NULL, NULL, NULL, NULL, NULL, NULL, 119, '2025-10-02 19:21:13', '2025-10-02 19:21:13', 'present', NULL, NULL, 0, NULL),
(925, 5, '2025-09-05 18:15:00', '2025-09-05 23:03:00', NULL, NULL, NULL, NULL, NULL, NULL, 158, '2025-10-02 19:21:13', '2025-10-02 19:21:13', 'present', NULL, NULL, 0, NULL),
(926, 5, '2025-07-15 17:01:00', '2025-07-15 20:26:00', NULL, NULL, NULL, NULL, NULL, NULL, 174, '2025-10-02 19:21:13', '2025-10-02 19:21:13', 'present', NULL, NULL, 0, NULL),
(927, 5, '2025-08-27 18:33:00', '2025-08-27 21:58:00', NULL, NULL, NULL, NULL, NULL, NULL, 295, '2025-10-02 19:21:13', '2025-10-02 19:21:13', 'present', NULL, NULL, 0, NULL),
(928, 5, '2025-08-21 19:35:00', '2025-08-21 20:20:00', NULL, NULL, NULL, NULL, NULL, NULL, 45, '2025-10-02 19:21:13', '2025-10-02 19:21:13', 'present', NULL, NULL, 0, NULL),
(929, 5, '2025-09-04 21:46:00', '2025-09-04 22:45:00', NULL, NULL, NULL, NULL, NULL, NULL, 59, '2025-10-02 19:21:13', '2025-10-02 19:21:13', 'present', NULL, NULL, 0, NULL),
(930, 5, '2025-09-24 17:17:00', '2025-09-24 20:31:00', NULL, NULL, NULL, NULL, NULL, NULL, 124, '2025-10-02 19:21:13', '2025-10-02 19:21:13', 'present', NULL, NULL, 0, NULL),
(931, 5, '2025-09-09 19:33:00', '2025-09-09 20:46:00', NULL, NULL, NULL, NULL, NULL, NULL, 116, '2025-10-02 19:21:13', '2025-10-02 19:21:13', 'present', NULL, NULL, 0, NULL),
(932, 5, '2025-07-04 19:16:00', '2025-07-04 20:45:00', NULL, NULL, NULL, NULL, NULL, NULL, 95, '2025-10-02 19:21:13', '2025-10-02 19:21:13', 'present', NULL, NULL, 0, NULL),
(933, 5, '2025-07-31 20:53:00', '2025-07-31 22:39:00', NULL, NULL, NULL, NULL, NULL, NULL, 102, '2025-10-02 19:21:13', '2025-10-02 19:21:13', 'present', NULL, NULL, 0, NULL),
(935, 5, '2025-09-11 17:43:00', '2025-09-11 18:52:00', NULL, NULL, NULL, NULL, NULL, NULL, 173, '2025-10-02 19:21:13', '2025-10-02 19:21:13', 'present', NULL, NULL, 0, NULL),
(936, 5, '2025-08-23 17:34:00', '2025-08-23 22:36:00', NULL, NULL, NULL, NULL, NULL, NULL, 122, '2025-10-02 19:21:13', '2025-10-02 19:21:13', 'present', NULL, NULL, 0, NULL),
(937, 5, '2025-07-09 18:16:00', '2025-07-09 18:57:00', NULL, NULL, NULL, NULL, NULL, NULL, 41, '2025-10-02 19:21:13', '2025-10-02 19:21:13', 'present', NULL, NULL, 0, NULL),
(938, 5, '2025-07-30 18:01:00', '2025-07-30 23:19:00', NULL, NULL, NULL, NULL, NULL, NULL, 157, '2025-10-02 19:21:13', '2025-10-02 19:21:13', 'present', NULL, NULL, 0, NULL),
(939, 5, '2025-08-26 17:56:00', '2025-08-26 21:30:00', NULL, NULL, NULL, NULL, NULL, NULL, 174, '2025-10-02 19:21:13', '2025-10-02 19:21:13', 'present', NULL, NULL, 0, NULL),
(942, 5, '2025-09-23 17:00:00', '2025-09-23 21:58:00', NULL, NULL, NULL, NULL, NULL, NULL, 108, '2025-10-02 19:21:13', '2025-10-02 19:21:13', 'present', NULL, NULL, 0, NULL),
(944, 5, '2025-09-01 20:49:00', '2025-09-01 21:45:00', NULL, NULL, NULL, NULL, NULL, NULL, 56, '2025-10-02 19:21:13', '2025-10-02 19:21:13', 'present', NULL, NULL, 0, NULL),
(945, 5, '2025-08-08 22:16:00', '2025-08-08 23:18:00', NULL, NULL, NULL, NULL, NULL, NULL, 62, '2025-10-02 19:21:13', '2025-10-02 19:21:13', 'present', NULL, NULL, 0, NULL),
(946, 5, '2025-09-10 19:38:00', '2025-09-10 20:41:00', NULL, NULL, NULL, NULL, NULL, NULL, 63, '2025-10-02 19:21:13', '2025-10-02 19:21:13', 'present', NULL, NULL, 0, NULL),
(947, 5, '2025-08-06 20:42:00', '2025-08-06 21:29:00', NULL, NULL, NULL, NULL, NULL, NULL, 47, '2025-10-02 19:21:13', '2025-10-02 19:21:13', 'present', NULL, NULL, 0, NULL),
(948, 5, '2025-08-05 17:37:00', '2025-08-05 18:37:00', NULL, NULL, NULL, NULL, NULL, NULL, 60, '2025-10-02 19:21:13', '2025-10-02 19:21:13', 'present', NULL, NULL, 0, NULL),
(949, 5, '2025-07-25 21:33:00', '2025-07-25 22:22:00', NULL, NULL, NULL, NULL, NULL, NULL, 49, '2025-10-02 19:21:13', '2025-10-02 19:21:13', 'present', NULL, NULL, 0, NULL),
(950, 5, '2025-09-14 17:35:00', '2025-09-14 18:32:00', NULL, NULL, NULL, NULL, NULL, NULL, 57, '2025-10-02 19:21:13', '2025-10-02 19:21:13', 'present', NULL, NULL, 0, NULL),
(951, 5, '2025-07-12 17:55:00', '2025-07-12 23:11:00', NULL, NULL, NULL, NULL, NULL, NULL, 120, '2025-10-02 19:21:13', '2025-10-02 19:21:13', 'present', NULL, NULL, 0, NULL),
(956, 5, '2025-07-11 21:04:00', '2025-07-11 22:41:00', NULL, NULL, NULL, NULL, NULL, NULL, 99, '2025-10-02 19:21:13', '2025-10-02 19:21:13', 'present', NULL, NULL, 0, NULL),
(958, 5, '2025-07-28 18:43:00', '2025-07-28 22:05:00', NULL, NULL, NULL, NULL, NULL, NULL, 119, '2025-10-02 19:21:13', '2025-10-02 19:21:13', 'present', NULL, NULL, 0, NULL),
(959, 5, '2025-07-18 22:41:00', '2025-07-18 23:22:00', NULL, NULL, NULL, NULL, NULL, NULL, 41, '2025-10-02 19:21:13', '2025-10-02 19:21:13', 'present', NULL, NULL, 0, NULL),
(961, 5, '2025-07-02 19:01:00', '2025-07-02 20:04:00', NULL, NULL, NULL, NULL, NULL, NULL, 63, '2025-10-02 19:21:13', '2025-10-02 19:21:13', 'present', NULL, NULL, 0, NULL),
(964, 5, '2025-08-03 19:38:00', '2025-08-03 21:55:00', NULL, NULL, NULL, NULL, NULL, NULL, 126, '2025-10-02 19:21:13', '2025-10-02 19:21:13', 'present', NULL, NULL, 0, NULL),
(966, 5, '2025-08-28 19:08:00', '2025-08-28 20:15:00', NULL, NULL, NULL, NULL, NULL, NULL, 67, '2025-10-02 19:21:13', '2025-10-02 19:21:13', 'present', NULL, NULL, 0, NULL),
(971, 5, '2025-09-16 22:59:00', '2025-09-16 23:42:00', NULL, NULL, NULL, NULL, NULL, NULL, 43, '2025-10-02 19:21:13', '2025-10-02 19:21:13', 'present', NULL, NULL, 0, NULL),
(972, 5, '2025-09-06 17:56:00', '2025-09-06 23:31:00', NULL, NULL, NULL, NULL, NULL, NULL, 108, '2025-10-02 19:21:13', '2025-10-02 19:21:13', 'present', NULL, NULL, 0, NULL),
(975, 5, '2025-09-02 19:41:00', '2025-09-02 21:24:00', NULL, NULL, NULL, NULL, NULL, NULL, 111, '2025-10-02 19:21:13', '2025-10-02 19:21:13', 'present', NULL, NULL, 0, NULL),
(980, 5, '2025-09-25 20:46:00', '2025-09-25 21:47:00', NULL, NULL, NULL, NULL, NULL, NULL, 61, '2025-10-02 19:21:13', '2025-10-02 19:21:13', 'present', NULL, NULL, 0, NULL),
(982, 5, '2025-07-10 22:54:00', '2025-07-10 23:41:00', NULL, NULL, NULL, NULL, NULL, NULL, 47, '2025-10-02 19:21:13', '2025-10-02 19:21:13', 'present', NULL, NULL, 0, NULL),
(986, 5, '2025-09-27 18:17:00', '2025-09-27 19:13:00', NULL, NULL, NULL, NULL, NULL, NULL, 56, '2025-10-02 19:21:13', '2025-10-02 19:21:13', 'present', NULL, NULL, 0, NULL),
(993, 5, '2025-08-15 20:18:00', '2025-08-15 21:22:00', NULL, NULL, NULL, NULL, NULL, NULL, 64, '2025-10-02 19:21:13', '2025-10-02 19:21:13', 'present', NULL, NULL, 0, NULL),
(998, 5, '2025-08-22 22:56:00', '2025-08-22 23:57:00', NULL, NULL, NULL, NULL, NULL, NULL, 61, '2025-10-02 19:21:13', '2025-10-02 19:21:13', 'present', NULL, NULL, 0, NULL),
(1003, 5, '2025-07-03 20:33:00', '2025-07-03 21:14:00', NULL, NULL, NULL, NULL, NULL, NULL, 41, '2025-10-02 19:21:13', '2025-10-02 19:21:13', 'present', NULL, NULL, 0, NULL),
(1004, 5, '2025-08-31 20:32:00', '2025-08-31 21:12:00', NULL, NULL, NULL, NULL, NULL, NULL, 40, '2025-10-02 19:21:13', '2025-10-02 19:21:13', 'present', NULL, NULL, 0, NULL),
(1005, 5, '2025-08-25 17:29:00', '2025-08-25 18:27:00', NULL, NULL, NULL, NULL, NULL, NULL, 58, '2025-10-02 19:21:13', '2025-10-02 19:21:13', 'present', NULL, NULL, 0, NULL),
(1007, 10, '2025-08-11 20:18:00', '2025-08-11 21:10:00', NULL, NULL, NULL, NULL, NULL, NULL, 52, '2025-10-02 19:21:13', '2025-10-02 19:21:13', 'present', NULL, NULL, 0, NULL),
(1008, 10, '2025-07-01 19:52:00', '2025-07-01 20:55:00', NULL, NULL, NULL, NULL, NULL, NULL, 63, '2025-10-02 19:21:13', '2025-10-02 19:21:13', 'present', NULL, NULL, 0, NULL),
(1009, 10, '2025-08-02 18:02:00', '2025-08-02 20:01:00', NULL, NULL, NULL, NULL, NULL, NULL, 163, '2025-10-02 19:21:13', '2025-10-02 19:21:13', 'present', NULL, NULL, 0, NULL),
(1010, 10, '2025-09-08 17:18:00', '2025-09-08 23:13:00', NULL, NULL, NULL, NULL, NULL, NULL, 262, '2025-10-02 19:21:13', '2025-10-02 19:21:13', 'present', NULL, NULL, 0, NULL),
(1011, 10, '2025-07-05 18:13:00', '2025-07-05 19:11:00', NULL, NULL, NULL, NULL, NULL, NULL, 58, '2025-10-02 19:21:13', '2025-10-02 19:21:13', 'present', NULL, NULL, 0, NULL),
(1012, 10, '2025-08-01 17:05:00', '2025-08-01 22:22:00', NULL, NULL, NULL, NULL, NULL, NULL, 153, '2025-10-02 19:21:13', '2025-10-02 19:21:13', 'present', NULL, NULL, 0, NULL),
(1013, 10, '2025-09-29 17:02:00', '2025-09-29 20:39:00', NULL, NULL, NULL, NULL, NULL, NULL, 148, '2025-10-02 19:21:13', '2025-10-02 19:21:13', 'present', NULL, NULL, 0, NULL),
(1014, 10, '2025-08-14 20:07:00', '2025-08-14 21:06:00', NULL, NULL, NULL, NULL, NULL, NULL, 59, '2025-10-02 19:21:13', '2025-10-02 19:21:13', 'present', NULL, NULL, 0, NULL),
(1015, 10, '2025-07-16 18:21:00', '2025-07-16 19:59:00', NULL, NULL, NULL, NULL, NULL, NULL, 79, '2025-10-02 19:21:13', '2025-10-02 19:21:13', 'present', NULL, NULL, 0, NULL),
(1016, 10, '2025-09-28 17:14:00', '2025-09-28 23:51:00', NULL, NULL, NULL, NULL, NULL, NULL, 159, '2025-10-02 19:21:13', '2025-10-02 19:21:13', 'present', NULL, NULL, 0, NULL),
(1017, 10, '2025-07-14 17:11:00', '2025-07-14 23:32:00', NULL, NULL, NULL, NULL, NULL, NULL, 149, '2025-10-02 19:21:13', '2025-10-02 19:21:13', 'present', NULL, NULL, 0, NULL),
(1018, 10, '2025-07-26 20:22:00', '2025-07-26 21:09:00', NULL, NULL, NULL, NULL, NULL, NULL, 47, '2025-10-02 19:21:13', '2025-10-02 19:21:13', 'present', NULL, NULL, 0, NULL),
(1019, 10, '2025-07-27 17:28:00', '2025-07-27 21:42:00', NULL, NULL, NULL, NULL, NULL, NULL, 209, '2025-10-02 19:21:13', '2025-10-02 19:21:13', 'present', NULL, NULL, 0, NULL),
(1020, 10, '2025-09-20 18:34:00', '2025-09-20 19:15:00', NULL, NULL, NULL, NULL, NULL, NULL, 41, '2025-10-02 19:21:13', '2025-10-02 19:21:13', 'present', NULL, NULL, 0, NULL),
(1021, 10, '2025-08-19 17:25:00', '2025-08-19 18:42:00', NULL, NULL, NULL, NULL, NULL, NULL, 108, '2025-10-02 19:21:13', '2025-10-02 19:21:13', 'present', NULL, NULL, 0, NULL),
(1023, 10, '2025-08-30 19:29:00', '2025-08-30 20:12:00', NULL, NULL, NULL, NULL, NULL, NULL, 43, '2025-10-02 19:21:13', '2025-10-02 19:21:13', 'present', NULL, NULL, 0, NULL),
(1024, 10, '2025-07-24 18:37:00', '2025-07-24 22:16:00', NULL, NULL, NULL, NULL, NULL, NULL, 105, '2025-10-02 19:21:13', '2025-10-02 19:21:13', 'present', NULL, NULL, 0, NULL),
(1026, 10, '2025-09-18 19:35:00', '2025-09-18 20:32:00', NULL, NULL, NULL, NULL, NULL, NULL, 57, '2025-10-02 19:21:13', '2025-10-02 19:21:13', 'present', NULL, NULL, 0, NULL),
(1027, 10, '2025-07-13 17:44:00', '2025-07-13 23:25:00', NULL, NULL, NULL, NULL, NULL, NULL, 182, '2025-10-02 19:21:13', '2025-10-02 19:21:13', 'present', NULL, NULL, 0, NULL),
(1029, 10, '2025-09-03 19:14:00', '2025-09-03 22:14:00', NULL, NULL, NULL, NULL, NULL, NULL, 97, '2025-10-02 19:21:13', '2025-10-02 19:21:13', 'present', NULL, NULL, 0, NULL),
(1031, 10, '2025-07-23 21:42:00', '2025-07-23 22:30:00', NULL, NULL, NULL, NULL, NULL, NULL, 48, '2025-10-02 19:21:13', '2025-10-02 19:21:13', 'present', NULL, NULL, 0, NULL),
(1033, 10, '2025-08-04 22:13:00', '2025-08-04 23:00:00', NULL, NULL, NULL, NULL, NULL, NULL, 47, '2025-10-02 19:21:13', '2025-10-02 19:21:13', 'present', NULL, NULL, 0, NULL),
(1034, 10, '2025-09-15 21:36:00', '2025-09-15 22:16:00', NULL, NULL, NULL, NULL, NULL, NULL, 40, '2025-10-02 19:21:13', '2025-10-02 19:21:13', 'present', NULL, NULL, 0, NULL),
(1035, 10, '2025-07-29 21:23:00', '2025-07-29 22:50:00', NULL, NULL, NULL, NULL, NULL, NULL, 97, '2025-10-02 19:21:13', '2025-10-02 19:21:13', 'present', NULL, NULL, 0, NULL),
(1037, 10, '2025-07-20 17:59:00', '2025-07-20 18:59:00', NULL, NULL, NULL, NULL, NULL, NULL, 60, '2025-10-02 19:21:13', '2025-10-02 19:21:13', 'present', NULL, NULL, 0, NULL),
(1040, 10, '2025-08-09 19:10:00', '2025-08-09 19:58:00', NULL, NULL, NULL, NULL, NULL, NULL, 48, '2025-10-02 19:21:13', '2025-10-02 19:21:13', 'present', NULL, NULL, 0, NULL),
(1042, 10, '2025-08-20 22:30:00', '2025-08-20 23:38:00', NULL, NULL, NULL, NULL, NULL, NULL, 119, '2025-10-02 19:21:13', '2025-10-02 19:21:13', 'present', NULL, NULL, 0, NULL),
(1043, 10, '2025-09-05 18:15:00', '2025-09-05 23:03:00', NULL, NULL, NULL, NULL, NULL, NULL, 158, '2025-10-02 19:21:13', '2025-10-02 19:21:13', 'present', NULL, NULL, 0, NULL),
(1044, 10, '2025-07-15 17:01:00', '2025-07-15 20:26:00', NULL, NULL, NULL, NULL, NULL, NULL, 174, '2025-10-02 19:21:13', '2025-10-02 19:21:13', 'present', NULL, NULL, 0, NULL),
(1045, 10, '2025-08-27 18:33:00', '2025-08-27 21:58:00', NULL, NULL, NULL, NULL, NULL, NULL, 295, '2025-10-02 19:21:13', '2025-10-02 19:21:13', 'present', NULL, NULL, 0, NULL),
(1046, 10, '2025-08-21 19:35:00', '2025-08-21 20:20:00', NULL, NULL, NULL, NULL, NULL, NULL, 45, '2025-10-02 19:21:13', '2025-10-02 19:21:13', 'present', NULL, NULL, 0, NULL),
(1047, 10, '2025-09-04 21:46:00', '2025-09-04 22:45:00', NULL, NULL, NULL, NULL, NULL, NULL, 59, '2025-10-02 19:21:13', '2025-10-02 19:21:13', 'present', NULL, NULL, 0, NULL),
(1048, 10, '2025-09-24 17:17:00', '2025-09-24 20:31:00', NULL, NULL, NULL, NULL, NULL, NULL, 124, '2025-10-02 19:21:13', '2025-10-02 19:21:13', 'present', NULL, NULL, 0, NULL),
(1049, 10, '2025-09-09 19:33:00', '2025-09-09 20:46:00', NULL, NULL, NULL, NULL, NULL, NULL, 116, '2025-10-02 19:21:13', '2025-10-02 19:21:13', 'present', NULL, NULL, 0, NULL),
(1050, 10, '2025-07-04 19:16:00', '2025-07-04 20:45:00', NULL, NULL, NULL, NULL, NULL, NULL, 95, '2025-10-02 19:21:13', '2025-10-02 19:21:13', 'present', NULL, NULL, 0, NULL),
(1051, 10, '2025-07-31 20:53:00', '2025-07-31 22:39:00', NULL, NULL, NULL, NULL, NULL, NULL, 102, '2025-10-02 19:21:13', '2025-10-02 19:21:13', 'present', NULL, NULL, 0, NULL),
(1053, 10, '2025-09-11 17:43:00', '2025-09-11 18:52:00', NULL, NULL, NULL, NULL, NULL, NULL, 173, '2025-10-02 19:21:13', '2025-10-02 19:21:13', 'present', NULL, NULL, 0, NULL),
(1054, 10, '2025-08-23 17:34:00', '2025-08-23 22:36:00', NULL, NULL, NULL, NULL, NULL, NULL, 122, '2025-10-02 19:21:13', '2025-10-02 19:21:13', 'present', NULL, NULL, 0, NULL),
(1055, 10, '2025-07-09 18:16:00', '2025-07-09 18:57:00', NULL, NULL, NULL, NULL, NULL, NULL, 41, '2025-10-02 19:21:13', '2025-10-02 19:21:13', 'present', NULL, NULL, 0, NULL),
(1056, 10, '2025-07-30 18:01:00', '2025-07-30 23:19:00', NULL, NULL, NULL, NULL, NULL, NULL, 157, '2025-10-02 19:21:13', '2025-10-02 19:21:13', 'present', NULL, NULL, 0, NULL),
(1057, 10, '2025-08-26 17:56:00', '2025-08-26 21:30:00', NULL, NULL, NULL, NULL, NULL, NULL, 174, '2025-10-02 19:21:13', '2025-10-02 19:21:13', 'present', NULL, NULL, 0, NULL),
(1060, 10, '2025-09-23 17:00:00', '2025-09-23 21:58:00', NULL, NULL, NULL, NULL, NULL, NULL, 108, '2025-10-02 19:21:13', '2025-10-02 19:21:13', 'present', NULL, NULL, 0, NULL),
(1062, 10, '2025-09-01 20:49:00', '2025-09-01 21:45:00', NULL, NULL, NULL, NULL, NULL, NULL, 56, '2025-10-02 19:21:13', '2025-10-02 19:21:13', 'present', NULL, NULL, 0, NULL),
(1063, 10, '2025-08-08 22:16:00', '2025-08-08 23:18:00', NULL, NULL, NULL, NULL, NULL, NULL, 62, '2025-10-02 19:21:13', '2025-10-02 19:21:13', 'present', NULL, NULL, 0, NULL),
(1064, 10, '2025-09-10 19:38:00', '2025-09-10 20:41:00', NULL, NULL, NULL, NULL, NULL, NULL, 63, '2025-10-02 19:21:13', '2025-10-02 19:21:13', 'present', NULL, NULL, 0, NULL),
(1065, 10, '2025-08-06 20:42:00', '2025-08-06 21:29:00', NULL, NULL, NULL, NULL, NULL, NULL, 47, '2025-10-02 19:21:13', '2025-10-02 19:21:13', 'present', NULL, NULL, 0, NULL),
(1066, 10, '2025-08-05 17:37:00', '2025-08-05 18:37:00', NULL, NULL, NULL, NULL, NULL, NULL, 60, '2025-10-02 19:21:13', '2025-10-02 19:21:13', 'present', NULL, NULL, 0, NULL);
INSERT INTO `attendances` (`id`, `employee_id`, `clock_in`, `clock_out`, `clock_in_latitude`, `clock_in_longitude`, `clock_out_latitude`, `clock_out_longitude`, `clock_in_distance`, `clock_out_distance`, `total_minutes_worked`, `created_at`, `updated_at`, `status`, `hours_worked`, `clock_out_time`, `total_break_minutes`, `notes`) VALUES
(1067, 10, '2025-07-25 21:33:00', '2025-07-25 22:22:00', NULL, NULL, NULL, NULL, NULL, NULL, 49, '2025-10-02 19:21:13', '2025-10-02 19:21:13', 'present', NULL, NULL, 0, NULL),
(1068, 10, '2025-09-14 17:35:00', '2025-09-14 18:32:00', NULL, NULL, NULL, NULL, NULL, NULL, 57, '2025-10-02 19:21:13', '2025-10-02 19:21:13', 'present', NULL, NULL, 0, NULL),
(1069, 10, '2025-07-12 17:55:00', '2025-07-12 23:11:00', NULL, NULL, NULL, NULL, NULL, NULL, 120, '2025-10-02 19:21:13', '2025-10-02 19:21:13', 'present', NULL, NULL, 0, NULL),
(1074, 10, '2025-07-11 21:04:00', '2025-07-11 22:41:00', NULL, NULL, NULL, NULL, NULL, NULL, 99, '2025-10-02 19:21:13', '2025-10-02 19:21:13', 'present', NULL, NULL, 0, NULL),
(1076, 10, '2025-07-28 18:43:00', '2025-07-28 22:05:00', NULL, NULL, NULL, NULL, NULL, NULL, 119, '2025-10-02 19:21:13', '2025-10-02 19:21:13', 'present', NULL, NULL, 0, NULL),
(1077, 10, '2025-07-18 22:41:00', '2025-07-18 23:22:00', NULL, NULL, NULL, NULL, NULL, NULL, 41, '2025-10-02 19:21:13', '2025-10-02 19:21:13', 'present', NULL, NULL, 0, NULL),
(1079, 10, '2025-07-02 19:01:00', '2025-07-02 20:04:00', NULL, NULL, NULL, NULL, NULL, NULL, 63, '2025-10-02 19:21:13', '2025-10-02 19:21:13', 'present', NULL, NULL, 0, NULL),
(1082, 10, '2025-08-03 19:38:00', '2025-08-03 21:55:00', NULL, NULL, NULL, NULL, NULL, NULL, 126, '2025-10-02 19:21:13', '2025-10-02 19:21:13', 'present', NULL, NULL, 0, NULL),
(1084, 10, '2025-08-28 19:08:00', '2025-08-28 20:15:00', NULL, NULL, NULL, NULL, NULL, NULL, 67, '2025-10-02 19:21:13', '2025-10-02 19:21:13', 'present', NULL, NULL, 0, NULL),
(1089, 10, '2025-09-16 22:59:00', '2025-09-16 23:42:00', NULL, NULL, NULL, NULL, NULL, NULL, 43, '2025-10-02 19:21:13', '2025-10-02 19:21:13', 'present', NULL, NULL, 0, NULL),
(1090, 10, '2025-09-06 17:56:00', '2025-09-06 23:31:00', NULL, NULL, NULL, NULL, NULL, NULL, 108, '2025-10-02 19:21:13', '2025-10-02 19:21:13', 'present', NULL, NULL, 0, NULL),
(1093, 10, '2025-09-02 19:41:00', '2025-09-02 21:24:00', NULL, NULL, NULL, NULL, NULL, NULL, 111, '2025-10-02 19:21:13', '2025-10-02 19:21:13', 'present', NULL, NULL, 0, NULL),
(1098, 10, '2025-09-25 20:46:00', '2025-09-25 21:47:00', NULL, NULL, NULL, NULL, NULL, NULL, 61, '2025-10-02 19:21:13', '2025-10-02 19:21:13', 'present', NULL, NULL, 0, NULL),
(1100, 10, '2025-07-10 22:54:00', '2025-07-10 23:41:00', NULL, NULL, NULL, NULL, NULL, NULL, 47, '2025-10-02 19:21:13', '2025-10-02 19:21:13', 'present', NULL, NULL, 0, NULL),
(1104, 10, '2025-09-27 18:17:00', '2025-09-27 19:13:00', NULL, NULL, NULL, NULL, NULL, NULL, 56, '2025-10-02 19:21:13', '2025-10-02 19:21:13', 'present', NULL, NULL, 0, NULL),
(1111, 10, '2025-08-15 20:18:00', '2025-08-15 21:22:00', NULL, NULL, NULL, NULL, NULL, NULL, 64, '2025-10-02 19:21:13', '2025-10-02 19:21:13', 'present', NULL, NULL, 0, NULL),
(1116, 10, '2025-08-22 22:56:00', '2025-08-22 23:57:00', NULL, NULL, NULL, NULL, NULL, NULL, 61, '2025-10-02 19:21:13', '2025-10-02 19:21:13', 'present', NULL, NULL, 0, NULL),
(1121, 10, '2025-07-03 20:33:00', '2025-07-03 21:14:00', NULL, NULL, NULL, NULL, NULL, NULL, 41, '2025-10-02 19:21:13', '2025-10-02 19:21:13', 'present', NULL, NULL, 0, NULL),
(1122, 10, '2025-08-31 20:32:00', '2025-08-31 21:12:00', NULL, NULL, NULL, NULL, NULL, NULL, 40, '2025-10-02 19:21:13', '2025-10-02 19:21:13', 'present', NULL, NULL, 0, NULL),
(1123, 10, '2025-08-25 17:29:00', '2025-08-25 18:27:00', NULL, NULL, NULL, NULL, NULL, NULL, 58, '2025-10-02 19:21:13', '2025-10-02 19:21:13', 'present', NULL, NULL, 0, NULL),
(1125, 1, '2025-08-13 17:14:00', '2025-08-13 22:09:00', NULL, NULL, NULL, NULL, NULL, NULL, 146, '2025-10-02 19:21:13', '2025-10-02 19:21:13', 'present', NULL, NULL, 0, NULL),
(1126, 1, '2025-07-15 19:35:00', '2025-07-15 22:03:00', NULL, NULL, NULL, NULL, NULL, NULL, 200, '2025-10-02 19:21:13', '2025-10-02 19:21:13', 'present', NULL, NULL, 0, NULL),
(1127, 1, '2025-09-04 19:08:00', '2025-09-04 21:44:00', NULL, NULL, NULL, NULL, NULL, NULL, 92, '2025-10-02 19:21:13', '2025-10-02 19:21:13', 'present', NULL, NULL, 0, NULL),
(1128, 1, '2025-08-29 18:15:00', '2025-08-29 22:03:00', NULL, NULL, NULL, NULL, NULL, NULL, 97, '2025-10-02 19:21:13', '2025-10-02 19:21:13', 'present', NULL, NULL, 0, NULL),
(1129, 1, '2025-07-11 19:24:00', '2025-07-11 23:04:00', NULL, NULL, NULL, NULL, NULL, NULL, 149, '2025-10-02 19:21:13', '2025-10-02 19:21:13', 'present', NULL, NULL, 0, NULL),
(1130, 1, '2025-07-05 17:09:00', '2025-07-05 19:38:00', NULL, NULL, NULL, NULL, NULL, NULL, 143, '2025-10-02 19:21:13', '2025-10-02 19:21:13', 'present', NULL, NULL, 0, NULL),
(1131, 1, '2025-08-24 20:00:00', '2025-08-24 23:17:00', NULL, NULL, NULL, NULL, NULL, NULL, 166, '2025-10-02 19:21:13', '2025-10-02 19:21:13', 'present', NULL, NULL, 0, NULL),
(1133, 1, '2025-07-27 19:10:00', '2025-07-27 20:03:00', NULL, NULL, NULL, NULL, NULL, NULL, 53, '2025-10-02 19:21:13', '2025-10-02 19:21:13', 'present', NULL, NULL, 0, NULL),
(1134, 1, '2025-08-23 18:06:00', '2025-08-23 23:41:00', NULL, NULL, NULL, NULL, NULL, NULL, 109, '2025-10-02 19:21:13', '2025-10-02 19:21:13', 'present', NULL, NULL, 0, NULL),
(1135, 1, '2025-09-10 20:12:00', '2025-09-10 22:06:00', NULL, NULL, NULL, NULL, NULL, NULL, 128, '2025-10-02 19:21:13', '2025-10-02 19:21:13', 'present', NULL, NULL, 0, NULL),
(1136, 1, '2025-09-25 19:17:00', '2025-09-25 21:20:00', NULL, NULL, NULL, NULL, NULL, NULL, 160, '2025-10-02 19:21:13', '2025-10-02 19:21:13', 'present', NULL, NULL, 0, NULL),
(1137, 1, '2025-08-21 18:45:00', '2025-08-21 22:17:00', NULL, NULL, NULL, NULL, NULL, NULL, 90, '2025-10-02 19:21:13', '2025-10-02 19:21:13', 'present', NULL, NULL, 0, NULL),
(1138, 1, '2025-07-10 20:11:00', '2025-07-10 20:55:00', NULL, NULL, NULL, NULL, NULL, NULL, 44, '2025-10-02 19:21:13', '2025-10-02 19:21:13', 'present', NULL, NULL, 0, NULL),
(1139, 1, '2025-09-19 18:47:00', '2025-09-19 23:00:00', NULL, NULL, NULL, NULL, NULL, NULL, 158, '2025-10-02 19:21:13', '2025-10-02 19:21:13', 'present', NULL, NULL, 0, NULL),
(1140, 1, '2025-09-26 18:45:00', '2025-09-26 22:00:00', NULL, NULL, NULL, NULL, NULL, NULL, 305, '2025-10-02 19:21:13', '2025-10-02 19:21:13', 'present', NULL, NULL, 0, NULL),
(1141, 1, '2025-09-28 22:20:00', '2025-09-28 23:15:00', NULL, NULL, NULL, NULL, NULL, NULL, 55, '2025-10-02 19:21:13', '2025-10-02 19:21:13', 'present', NULL, NULL, 0, NULL),
(1145, 1, '2025-08-19 17:06:00', '2025-08-19 21:20:00', NULL, NULL, NULL, NULL, NULL, NULL, 97, '2025-10-02 19:21:13', '2025-10-02 19:21:13', 'present', NULL, NULL, 0, NULL),
(1147, 1, '2025-08-31 18:29:00', '2025-08-31 19:27:00', NULL, NULL, NULL, NULL, NULL, NULL, 58, '2025-10-02 19:21:13', '2025-10-02 19:21:13', 'present', NULL, NULL, 0, NULL),
(1148, 1, '2025-07-21 19:31:00', '2025-07-21 23:55:00', NULL, NULL, NULL, NULL, NULL, NULL, 112, '2025-10-02 19:21:13', '2025-10-02 19:21:13', 'present', NULL, NULL, 0, NULL),
(1149, 1, '2025-07-24 17:39:00', '2025-07-24 23:09:00', NULL, NULL, NULL, NULL, NULL, NULL, 90, '2025-10-02 19:21:13', '2025-10-02 19:21:13', 'present', NULL, NULL, 0, NULL),
(1150, 1, '2025-07-06 21:18:00', '2025-07-06 22:46:00', NULL, NULL, NULL, NULL, NULL, NULL, 106, '2025-10-02 19:21:13', '2025-10-02 19:21:13', 'present', NULL, NULL, 0, NULL),
(1151, 1, '2025-08-30 22:30:00', '2025-08-30 23:14:00', NULL, NULL, NULL, NULL, NULL, NULL, 44, '2025-10-02 19:21:13', '2025-10-02 19:21:13', 'present', NULL, NULL, 0, NULL),
(1152, 1, '2025-08-14 22:12:00', '2025-08-14 23:15:00', NULL, NULL, NULL, NULL, NULL, NULL, 63, '2025-10-02 19:21:13', '2025-10-02 19:21:13', 'present', NULL, NULL, 0, NULL),
(1154, 1, '2025-08-27 17:15:00', '2025-08-27 22:10:00', NULL, NULL, NULL, NULL, NULL, NULL, 82, '2025-10-02 19:21:13', '2025-10-02 19:21:13', 'present', NULL, NULL, 0, NULL),
(1156, 1, '2025-07-01 17:03:00', '2025-07-01 17:46:00', NULL, NULL, NULL, NULL, NULL, NULL, 77, '2025-10-02 19:21:13', '2025-10-02 19:21:13', 'present', NULL, NULL, 0, NULL),
(1157, 1, '2025-07-12 19:41:00', '2025-07-12 21:04:00', NULL, NULL, NULL, NULL, NULL, NULL, 157, '2025-10-02 19:21:13', '2025-10-02 19:21:13', 'present', NULL, NULL, 0, NULL),
(1158, 1, '2025-07-28 17:13:00', '2025-07-28 23:39:00', NULL, NULL, NULL, NULL, NULL, NULL, 211, '2025-10-02 19:21:13', '2025-10-02 19:21:13', 'present', NULL, NULL, 0, NULL),
(1160, 1, '2025-07-25 19:57:00', '2025-07-25 20:35:00', NULL, NULL, NULL, NULL, NULL, NULL, 38, '2025-10-02 19:21:13', '2025-10-02 19:21:13', 'present', NULL, NULL, 0, NULL),
(1163, 1, '2025-07-14 20:06:00', '2025-07-14 23:43:00', NULL, NULL, NULL, NULL, NULL, NULL, 96, '2025-10-02 19:21:13', '2025-10-02 19:21:13', 'present', NULL, NULL, 0, NULL),
(1164, 1, '2025-09-23 17:45:00', '2025-09-23 22:56:00', NULL, NULL, NULL, NULL, NULL, NULL, 116, '2025-10-02 19:21:13', '2025-10-02 19:21:13', 'present', NULL, NULL, 0, NULL),
(1165, 1, '2025-08-16 19:22:00', '2025-08-16 20:06:00', NULL, NULL, NULL, NULL, NULL, NULL, 44, '2025-10-02 19:21:13', '2025-10-02 19:21:13', 'present', NULL, NULL, 0, NULL),
(1166, 1, '2025-09-14 18:41:00', '2025-09-14 19:31:00', NULL, NULL, NULL, NULL, NULL, NULL, 50, '2025-10-02 19:21:13', '2025-10-02 19:21:13', 'present', NULL, NULL, 0, NULL),
(1167, 1, '2025-09-07 21:30:00', '2025-09-07 22:39:00', NULL, NULL, NULL, NULL, NULL, NULL, 122, '2025-10-02 19:21:13', '2025-10-02 19:21:13', 'present', NULL, NULL, 0, NULL),
(1168, 1, '2025-08-15 17:09:00', '2025-08-15 22:58:00', NULL, NULL, NULL, NULL, NULL, NULL, 137, '2025-10-02 19:21:13', '2025-10-02 19:21:13', 'present', NULL, NULL, 0, NULL),
(1169, 1, '2025-09-01 17:58:00', '2025-09-01 20:55:00', NULL, NULL, NULL, NULL, NULL, NULL, 98, '2025-10-02 19:21:13', '2025-10-02 19:21:13', 'present', NULL, NULL, 0, NULL),
(1173, 1, '2025-09-12 17:59:00', '2025-09-12 19:38:00', NULL, NULL, NULL, NULL, NULL, NULL, 78, '2025-10-02 19:21:13', '2025-10-02 19:21:13', 'present', NULL, NULL, 0, NULL),
(1176, 1, '2025-09-11 20:34:00', '2025-09-11 23:00:00', NULL, NULL, NULL, NULL, NULL, NULL, 162, '2025-10-02 19:21:13', '2025-10-02 19:21:13', 'present', NULL, NULL, 0, NULL),
(1178, 1, '2025-08-12 17:14:00', '2025-08-12 20:18:00', NULL, NULL, NULL, NULL, NULL, NULL, 227, '2025-10-02 19:21:13', '2025-10-02 19:21:13', 'present', NULL, NULL, 0, NULL),
(1179, 1, '2025-07-03 22:52:00', '2025-07-03 23:45:00', NULL, NULL, NULL, NULL, NULL, NULL, 53, '2025-10-02 19:21:13', '2025-10-02 19:21:13', 'present', NULL, NULL, 0, NULL),
(1181, 1, '2025-07-08 19:53:00', '2025-07-08 20:51:00', NULL, NULL, NULL, NULL, NULL, NULL, 58, '2025-10-02 19:21:13', '2025-10-02 19:21:13', 'present', NULL, NULL, 0, NULL),
(1182, 1, '2025-09-24 20:28:00', '2025-09-24 21:20:00', NULL, NULL, NULL, NULL, NULL, NULL, 52, '2025-10-02 19:21:13', '2025-10-02 19:21:13', 'present', NULL, NULL, 0, NULL),
(1183, 1, '2025-07-13 22:45:00', '2025-07-13 23:23:00', NULL, NULL, NULL, NULL, NULL, NULL, 38, '2025-10-02 19:21:13', '2025-10-02 19:21:13', 'present', NULL, NULL, 0, NULL),
(1186, 1, '2025-09-21 17:31:00', '2025-09-21 18:06:00', NULL, NULL, NULL, NULL, NULL, NULL, 35, '2025-10-02 19:21:13', '2025-10-02 19:21:13', 'present', NULL, NULL, 0, NULL),
(1188, 1, '2025-09-16 20:26:00', '2025-09-16 23:37:00', NULL, NULL, NULL, NULL, NULL, NULL, 94, '2025-10-02 19:21:13', '2025-10-02 19:21:13', 'present', NULL, NULL, 0, NULL),
(1190, 1, '2025-07-04 17:22:00', '2025-07-04 22:58:00', NULL, NULL, NULL, NULL, NULL, NULL, 223, '2025-10-02 19:21:13', '2025-10-02 19:21:13', 'present', NULL, NULL, 0, NULL),
(1192, 1, '2025-09-03 19:37:00', '2025-09-03 20:18:00', NULL, NULL, NULL, NULL, NULL, NULL, 41, '2025-10-02 19:21:13', '2025-10-02 19:21:13', 'present', NULL, NULL, 0, NULL),
(1193, 1, '2025-08-08 22:36:00', '2025-08-08 23:15:00', NULL, NULL, NULL, NULL, NULL, NULL, 39, '2025-10-02 19:21:13', '2025-10-02 19:21:13', 'present', NULL, NULL, 0, NULL),
(1195, 1, '2025-08-04 21:59:00', '2025-08-04 22:36:00', NULL, NULL, NULL, NULL, NULL, NULL, 37, '2025-10-02 19:21:13', '2025-10-02 19:21:13', 'present', NULL, NULL, 0, NULL),
(1197, 1, '2025-07-07 20:47:00', '2025-07-07 21:27:00', NULL, NULL, NULL, NULL, NULL, NULL, 40, '2025-10-02 19:21:13', '2025-10-02 19:21:13', 'present', NULL, NULL, 0, NULL),
(1198, 1, '2025-07-30 20:33:00', '2025-07-30 21:09:00', NULL, NULL, NULL, NULL, NULL, NULL, 36, '2025-10-02 19:21:13', '2025-10-02 19:21:13', 'present', NULL, NULL, 0, NULL),
(1201, 1, '2025-09-06 21:10:00', '2025-09-06 22:07:00', NULL, NULL, NULL, NULL, NULL, NULL, 57, '2025-10-02 19:21:13', '2025-10-02 19:21:13', 'present', NULL, NULL, 0, NULL),
(1202, 1, '2025-07-23 17:27:00', '2025-07-23 19:23:00', NULL, NULL, NULL, NULL, NULL, NULL, 111, '2025-10-02 19:21:13', '2025-10-02 19:21:13', 'present', NULL, NULL, 0, NULL),
(1203, 1, '2025-08-17 18:55:00', '2025-08-17 21:31:00', NULL, NULL, NULL, NULL, NULL, NULL, 114, '2025-10-02 19:21:13', '2025-10-02 19:21:13', 'present', NULL, NULL, 0, NULL),
(1204, 1, '2025-07-20 22:12:00', '2025-07-20 23:47:00', NULL, NULL, NULL, NULL, NULL, NULL, 102, '2025-10-02 19:21:13', '2025-10-02 19:21:13', 'present', NULL, NULL, 0, NULL),
(1208, 1, '2025-08-28 21:49:00', '2025-08-28 23:12:00', NULL, NULL, NULL, NULL, NULL, NULL, 159, '2025-10-02 19:21:13', '2025-10-02 19:21:13', 'present', NULL, NULL, 0, NULL),
(1209, 1, '2025-07-02 21:16:00', '2025-07-02 22:07:00', NULL, NULL, NULL, NULL, NULL, NULL, 97, '2025-10-02 19:21:13', '2025-10-02 19:21:13', 'present', NULL, NULL, 0, NULL),
(1212, 1, '2025-07-16 19:50:00', '2025-07-16 20:32:00', NULL, NULL, NULL, NULL, NULL, NULL, 42, '2025-10-02 19:21:13', '2025-10-02 19:21:13', 'present', NULL, NULL, 0, NULL),
(1217, 1, '2025-07-26 19:12:00', '2025-07-26 20:11:00', NULL, NULL, NULL, NULL, NULL, NULL, 110, '2025-10-02 19:21:13', '2025-10-02 19:21:13', 'present', NULL, NULL, 0, NULL),
(1222, 1, '2025-09-13 21:42:00', '2025-09-13 22:39:00', NULL, NULL, NULL, NULL, NULL, NULL, 57, '2025-10-02 19:21:13', '2025-10-02 19:21:13', 'present', NULL, NULL, 0, NULL),
(1225, 1, '2025-09-15 21:21:00', '2025-09-15 22:11:00', NULL, NULL, NULL, NULL, NULL, NULL, 50, '2025-10-02 19:21:13', '2025-10-02 19:21:13', 'present', NULL, NULL, 0, NULL),
(1229, 1, '2025-08-26 17:26:00', '2025-08-26 18:46:00', NULL, NULL, NULL, NULL, NULL, NULL, 84, '2025-10-02 19:21:13', '2025-10-02 19:21:13', 'present', NULL, NULL, 0, NULL),
(1235, 1, '2025-07-31 22:16:00', '2025-07-31 23:14:00', NULL, NULL, NULL, NULL, NULL, NULL, 58, '2025-10-02 19:21:13', '2025-10-02 19:21:13', 'present', NULL, NULL, 0, NULL),
(1236, 1, '2025-08-11 20:55:00', '2025-08-11 21:36:00', NULL, NULL, NULL, NULL, NULL, NULL, 41, '2025-10-02 19:21:13', '2025-10-02 19:21:13', 'present', NULL, NULL, 0, NULL),
(1245, 1, '2025-06-30 21:38:00', '2025-06-30 22:17:00', NULL, NULL, NULL, NULL, NULL, NULL, 39, '2025-10-02 19:21:13', '2025-10-02 19:21:13', 'present', NULL, NULL, 0, NULL),
(1248, 1, '2025-07-09 22:53:00', '2025-07-09 23:49:00', NULL, NULL, NULL, NULL, NULL, NULL, 56, '2025-10-02 19:21:13', '2025-10-02 19:21:13', 'present', NULL, NULL, 0, NULL),
(1256, 3, '2025-07-11 19:24:00', '2025-07-11 23:04:00', NULL, NULL, NULL, NULL, NULL, NULL, 149, '2025-10-02 19:21:13', '2025-10-02 19:21:13', 'present', NULL, NULL, 0, NULL),
(1262, 3, '2025-09-10 20:12:00', '2025-09-10 22:06:00', NULL, NULL, NULL, NULL, NULL, NULL, 128, '2025-10-02 19:21:13', '2025-10-02 19:21:13', 'present', NULL, NULL, 0, NULL),
(1264, 3, '2025-08-21 18:45:00', '2025-08-21 22:17:00', NULL, NULL, NULL, NULL, NULL, NULL, 90, '2025-10-02 19:21:13', '2025-10-02 19:21:13', 'present', NULL, NULL, 0, NULL),
(1275, 3, '2025-07-21 19:31:00', '2025-07-21 23:55:00', NULL, NULL, NULL, NULL, NULL, NULL, 112, '2025-10-02 19:21:13', '2025-10-02 19:21:13', 'present', NULL, NULL, 0, NULL),
(1277, 3, '2025-07-06 21:18:00', '2025-07-06 22:46:00', NULL, NULL, NULL, NULL, NULL, NULL, 106, '2025-10-02 19:21:13', '2025-10-02 19:21:13', 'present', NULL, NULL, 0, NULL),
(1283, 3, '2025-07-01 17:03:00', '2025-07-01 17:46:00', NULL, NULL, NULL, NULL, NULL, NULL, 77, '2025-10-02 19:21:13', '2025-10-02 19:21:13', 'present', NULL, NULL, 0, NULL),
(1284, 3, '2025-07-12 19:41:00', '2025-07-12 21:04:00', NULL, NULL, NULL, NULL, NULL, NULL, 157, '2025-10-02 19:21:13', '2025-10-02 19:21:13', 'present', NULL, NULL, 0, NULL),
(1292, 3, '2025-08-16 19:22:00', '2025-08-16 20:06:00', NULL, NULL, NULL, NULL, NULL, NULL, 44, '2025-10-02 19:21:13', '2025-10-02 19:21:13', 'present', NULL, NULL, 0, NULL),
(1303, 3, '2025-09-11 20:34:00', '2025-09-11 23:00:00', NULL, NULL, NULL, NULL, NULL, NULL, 162, '2025-10-02 19:21:13', '2025-10-02 19:21:13', 'present', NULL, NULL, 0, NULL),
(1309, 3, '2025-09-24 20:28:00', '2025-09-24 21:20:00', NULL, NULL, NULL, NULL, NULL, NULL, 52, '2025-10-02 19:21:13', '2025-10-02 19:21:13', 'present', NULL, NULL, 0, NULL),
(1315, 3, '2025-09-16 20:26:00', '2025-09-16 23:37:00', NULL, NULL, NULL, NULL, NULL, NULL, 94, '2025-10-02 19:21:13', '2025-10-02 19:21:13', 'present', NULL, NULL, 0, NULL),
(1317, 3, '2025-07-04 17:22:00', '2025-07-04 22:58:00', NULL, NULL, NULL, NULL, NULL, NULL, 223, '2025-10-02 19:21:13', '2025-10-02 19:21:13', 'present', NULL, NULL, 0, NULL),
(1319, 3, '2025-09-03 19:37:00', '2025-09-03 20:18:00', NULL, NULL, NULL, NULL, NULL, NULL, 41, '2025-10-02 19:21:13', '2025-10-02 19:21:13', 'present', NULL, NULL, 0, NULL),
(1320, 3, '2025-08-08 22:36:00', '2025-08-08 23:15:00', NULL, NULL, NULL, NULL, NULL, NULL, 39, '2025-10-02 19:21:13', '2025-10-02 19:21:13', 'present', NULL, NULL, 0, NULL),
(1335, 3, '2025-08-28 21:49:00', '2025-08-28 23:12:00', NULL, NULL, NULL, NULL, NULL, NULL, 159, '2025-10-02 19:21:13', '2025-10-02 19:21:13', 'present', NULL, NULL, 0, NULL),
(1352, 3, '2025-09-15 21:21:00', '2025-09-15 22:11:00', NULL, NULL, NULL, NULL, NULL, NULL, 50, '2025-10-02 19:21:13', '2025-10-02 19:21:13', 'present', NULL, NULL, 0, NULL),
(1363, 3, '2025-08-11 20:55:00', '2025-08-11 21:36:00', NULL, NULL, NULL, NULL, NULL, NULL, 41, '2025-10-02 19:21:13', '2025-10-02 19:21:13', 'present', NULL, NULL, 0, NULL),
(1372, 3, '2025-06-30 21:38:00', '2025-06-30 22:17:00', NULL, NULL, NULL, NULL, NULL, NULL, 39, '2025-10-02 19:21:13', '2025-10-02 19:21:13', 'present', NULL, NULL, 0, NULL),
(1379, 4, '2025-10-03 22:56:17', '2025-10-03 23:54:21', NULL, NULL, NULL, NULL, NULL, NULL, 174, '2025-10-03 22:56:08', '2025-10-03 22:57:14', 'present', NULL, NULL, 0, NULL),
(1386, 3, '2025-10-03 22:56:17', '2025-10-03 23:54:21', NULL, NULL, NULL, NULL, NULL, NULL, 175, '2025-10-03 22:56:08', '2025-10-03 22:58:10', 'present', NULL, NULL, 0, NULL),
(2062, 2, '2025-10-15 20:07:27', '2025-10-15 22:58:12', NULL, NULL, NULL, NULL, NULL, NULL, 170, '2025-10-15 20:07:27', '2025-10-15 22:58:12', 'present', NULL, NULL, 0, NULL),
(2063, 3, '2026-02-03 21:09:25', '2026-02-03 21:26:08', 14.56241580, 121.05605570, 14.56254710, 121.05609880, NULL, NULL, NULL, '2026-02-03 21:09:25', '2026-02-03 21:26:08', 'present', NULL, NULL, 0, NULL),
(2064, 3, '2026-02-03 21:27:01', '2026-02-03 21:27:09', 14.56251280, 121.05607460, 14.56254040, 121.05609560, NULL, NULL, NULL, '2026-02-03 21:27:01', '2026-02-03 21:27:09', 'present', NULL, NULL, 0, NULL),
(2065, 3, '2026-02-03 21:27:56', '2026-02-03 21:36:17', 14.56255040, 121.05609630, 14.56255240, 121.05610060, NULL, NULL, NULL, '2026-02-03 21:27:56', '2026-02-03 21:36:17', 'present', 0.00, NULL, 0, NULL),
(2066, 4, '2026-02-03 21:32:44', '2026-02-03 21:33:05', 14.56235760, 121.05605050, 14.56235760, 121.05605050, NULL, NULL, NULL, '2026-02-03 21:32:44', '2026-02-03 21:33:05', 'present', 0.00, NULL, 0, NULL),
(2067, 4, '2026-02-03 21:36:53', '2026-02-03 21:50:27', 14.56245450, 121.05607440, 14.56255570, 121.05610190, NULL, NULL, NULL, '2026-02-03 21:36:53', '2026-02-03 21:50:27', 'present', 0.00, NULL, 0, NULL);

-- --------------------------------------------------------

--
-- Table structure for table `cars`
--

CREATE TABLE `cars` (
  `id` bigint(20) UNSIGNED NOT NULL,
  `car_name` varchar(255) NOT NULL,
  `is_available` tinyint(1) NOT NULL DEFAULT 1,
  `created_at` timestamp NULL DEFAULT NULL,
  `updated_at` timestamp NULL DEFAULT NULL
) ENGINE=InnoDB DEFAULT CHARSET=utf8mb4 COLLATE=utf8mb4_unicode_ci;

--
-- Dumping data for table `cars`
--

INSERT INTO `cars` (`id`, `car_name`, `is_available`, `created_at`, `updated_at`) VALUES
(1, 'Van 1', 1, '2025-10-02 10:51:46', '2025-10-02 10:51:46'),
(2, 'Van 2', 1, '2025-10-02 10:51:46', '2025-10-02 10:51:46'),
(3, 'Sedan 1', 1, '2025-10-02 10:51:46', '2025-10-02 10:51:46');

-- --------------------------------------------------------

--
-- Table structure for table `checklist_categories`
--

CREATE TABLE `checklist_categories` (
  `id` bigint(20) UNSIGNED NOT NULL,
  `checklist_id` bigint(20) UNSIGNED NOT NULL,
  `name` varchar(255) NOT NULL,
  `sort_order` int(11) NOT NULL DEFAULT 0,
  `created_at` timestamp NULL DEFAULT NULL,
  `updated_at` timestamp NULL DEFAULT NULL
) ENGINE=InnoDB DEFAULT CHARSET=utf8mb4 COLLATE=utf8mb4_unicode_ci;

--
-- Dumping data for table `checklist_categories`
--

INSERT INTO `checklist_categories` (`id`, `checklist_id`, `name`, `sort_order`, `created_at`, `updated_at`) VALUES
(1, 1, 'Kitchen', 0, '2026-02-03 21:12:25', '2026-02-03 21:12:25'),
(2, 1, 'Bathroom', 1, '2026-02-03 21:12:33', '2026-02-03 21:12:33');

-- --------------------------------------------------------

--
-- Table structure for table `checklist_items`
--

CREATE TABLE `checklist_items` (
  `id` bigint(20) UNSIGNED NOT NULL,
  `category_id` bigint(20) UNSIGNED NOT NULL,
  `name` varchar(255) NOT NULL,
  `quantity` varchar(255) DEFAULT NULL,
  `sort_order` int(11) NOT NULL DEFAULT 0,
  `created_at` timestamp NULL DEFAULT NULL,
  `updated_at` timestamp NULL DEFAULT NULL
) ENGINE=InnoDB DEFAULT CHARSET=utf8mb4 COLLATE=utf8mb4_unicode_ci;

--
-- Dumping data for table `checklist_items`
--

INSERT INTO `checklist_items` (`id`, `category_id`, `name`, `quantity`, `sort_order`, `created_at`, `updated_at`) VALUES
(1, 1, 'clean', '3', 0, '2026-02-03 21:12:47', '2026-02-03 21:12:47'),
(2, 2, 'tub clean', '3', 0, '2026-02-03 21:13:08', '2026-02-03 21:13:08');

-- --------------------------------------------------------

--
-- Table structure for table `clients`
--

CREATE TABLE `clients` (
  `id` bigint(20) UNSIGNED NOT NULL,
  `user_id` bigint(20) UNSIGNED DEFAULT NULL,
  `client_type` enum('personal','company') NOT NULL,
  `company_name` varchar(255) DEFAULT NULL,
  `email` varchar(255) DEFAULT NULL,
  `phone_number` varchar(255) DEFAULT NULL,
  `business_id` varchar(20) DEFAULT NULL,
  `created_at` timestamp NULL DEFAULT NULL,
  `updated_at` timestamp NULL DEFAULT NULL,
  `first_name` varchar(255) DEFAULT NULL,
  `last_name` varchar(255) DEFAULT NULL,
  `middle_initial` varchar(10) DEFAULT NULL,
  `birthdate` date DEFAULT NULL,
  `street_address` varchar(255) DEFAULT NULL,
  `postal_code` varchar(10) DEFAULT NULL,
  `city` varchar(100) DEFAULT NULL,
  `district` varchar(100) DEFAULT NULL,
  `address` text DEFAULT NULL,
  `billing_address` text DEFAULT NULL,
  `einvoice_number` varchar(100) DEFAULT NULL,
  `is_active` tinyint(1) NOT NULL DEFAULT 1,
  `security_question_1` varchar(255) DEFAULT NULL,
  `security_answer_1` varchar(255) DEFAULT NULL,
  `security_question_2` varchar(255) DEFAULT NULL,
  `security_answer_2` varchar(255) DEFAULT NULL,
  `deleted_at` timestamp NULL DEFAULT NULL
) ENGINE=InnoDB DEFAULT CHARSET=utf8mb4 COLLATE=utf8mb4_unicode_ci;

--
-- Dumping data for table `clients`
--

INSERT INTO `clients` (`id`, `user_id`, `client_type`, `company_name`, `email`, `phone_number`, `business_id`, `created_at`, `updated_at`, `first_name`, `last_name`, `middle_initial`, `birthdate`, `street_address`, `postal_code`, `city`, `district`, `address`, `billing_address`, `einvoice_number`, `is_active`, `security_question_1`, `security_answer_1`, `security_question_2`, `security_answer_2`, `deleted_at`) VALUES
(5, 17, 'personal', NULL, NULL, NULL, NULL, '2025-10-25 23:09:50', '2025-10-26 21:36:19', 'Miradel', 'Leonardo', 'L', '2000-06-06', 'Moisiontie 225', '33721', 'Tampere', 'Moisio', 'Moisiontie 225, 33721 Tampere, Moisio', 'Moisiontie 225, 33721 Tampere', NULL, 1, 'pet_name', '$2y$10$N1TSNGAE3EKStIQ96.cNhObwOz2.dHqTlGetNiFJ/IF21x.tIZJkC', 'best_friend', '$2y$10$gxJFVyG.NplpvpOn56rjMuB9k.MQ86RmVRLo769REtBET9tYbOQcS', NULL),
(8, NULL, 'company', 'ABCD Company', 'company@gmail.com', '0401234567', '12346', '2025-10-26 03:02:50', '2025-10-26 03:02:50', 'Miradel', 'Leonardo', NULL, NULL, 'Korkeakoulunkatu', '13100', 'Hmeenlinna', 'Myllymki', 'Korkeakoulunkatu, 13100 Hmeenlinna, Myllymki', 'Korkeakoulunkatu, 13100 Hmeenlinna, Myllymki', '789456', 0, NULL, NULL, NULL, NULL, NULL);

-- --------------------------------------------------------

--
-- Table structure for table `client_appointments`
--

CREATE TABLE `client_appointments` (
  `id` bigint(20) UNSIGNED NOT NULL,
  `client_id` bigint(20) UNSIGNED NOT NULL,
  `is_company_inquiry` tinyint(1) NOT NULL DEFAULT 0,
  `booking_type` varchar(255) NOT NULL,
  `service_type` varchar(255) NOT NULL,
  `company_service_types` longtext CHARACTER SET utf8mb4 COLLATE utf8mb4_bin DEFAULT NULL CHECK (json_valid(`company_service_types`)),
  `service_date` date NOT NULL,
  `service_time` time NOT NULL,
  `is_sunday` tinyint(1) NOT NULL DEFAULT 0,
  `is_holiday` tinyint(1) NOT NULL DEFAULT 0,
  `number_of_units` int(11) NOT NULL,
  `unit_size` varchar(255) NOT NULL,
  `unit_details` longtext CHARACTER SET utf8mb4 COLLATE utf8mb4_bin DEFAULT NULL CHECK (json_valid(`unit_details`)),
  `cabin_name` varchar(255) NOT NULL,
  `special_requests` text DEFAULT NULL,
  `other_concerns` text DEFAULT NULL,
  `quotation` decimal(10,2) NOT NULL,
  `vat_amount` decimal(10,2) NOT NULL,
  `total_amount` decimal(10,2) NOT NULL,
  `status` enum('pending','approved','rejected','completed','cancelled') NOT NULL DEFAULT 'pending',
  `assigned_team_id` bigint(20) UNSIGNED DEFAULT NULL,
  `recommended_team_id` bigint(20) UNSIGNED DEFAULT NULL,
  `rejection_reason` text DEFAULT NULL,
  `approved_by` bigint(20) UNSIGNED DEFAULT NULL,
  `approved_at` timestamp NULL DEFAULT NULL,
  `rejected_by` bigint(20) UNSIGNED DEFAULT NULL,
  `rejected_at` timestamp NULL DEFAULT NULL,
  `client_notified` tinyint(1) NOT NULL DEFAULT 0,
  `notified_at` timestamp NULL DEFAULT NULL,
  `created_at` timestamp NULL DEFAULT NULL,
  `updated_at` timestamp NULL DEFAULT NULL
) ENGINE=InnoDB DEFAULT CHARSET=utf8mb4 COLLATE=utf8mb4_unicode_ci;

-- --------------------------------------------------------

--
-- Table structure for table `company_checklists`
--

CREATE TABLE `company_checklists` (
  `id` bigint(20) UNSIGNED NOT NULL,
  `contracted_client_id` bigint(20) UNSIGNED NOT NULL,
  `name` varchar(255) NOT NULL,
  `important_reminders` text DEFAULT NULL,
  `is_active` tinyint(1) NOT NULL DEFAULT 1,
  `created_at` timestamp NULL DEFAULT NULL,
  `updated_at` timestamp NULL DEFAULT NULL
) ENGINE=InnoDB DEFAULT CHARSET=utf8mb4 COLLATE=utf8mb4_unicode_ci;

--
-- Dumping data for table `company_checklists`
--

INSERT INTO `company_checklists` (`id`, `contracted_client_id`, `name`, `important_reminders`, `is_active`, `created_at`, `updated_at`) VALUES
(1, 2, 'Aikamatkat Checklist', 'this is important', 1, '2026-02-03 21:10:51', '2026-02-03 21:12:19');

-- --------------------------------------------------------

--
-- Table structure for table `company_settings`
--

CREATE TABLE `company_settings` (
  `id` bigint(20) UNSIGNED NOT NULL,
  `key` varchar(255) NOT NULL,
  `value` text DEFAULT NULL,
  `type` varchar(255) NOT NULL DEFAULT 'string',
  `description` text DEFAULT NULL,
  `created_at` timestamp NULL DEFAULT NULL,
  `updated_at` timestamp NULL DEFAULT NULL
) ENGINE=InnoDB DEFAULT CHARSET=utf8mb4 COLLATE=utf8mb4_unicode_ci;

--
-- Dumping data for table `company_settings`
--

INSERT INTO `company_settings` (`id`, `key`, `value`, `type`, `description`, `created_at`, `updated_at`) VALUES
(1, 'office_latitude', '0', 'decimal', 'Office location latitude coordinate', '2025-10-25 03:09:20', '2025-10-25 03:09:20'),
(2, 'office_longitude', '0', 'decimal', 'Office location longitude coordinate', '2025-10-25 03:09:20', '2025-10-25 03:09:20'),
(3, 'geofence_radius', '110', 'integer', 'Geofence radius in meters for clock in/out', '2025-10-25 03:09:20', '2025-10-25 03:09:20');

-- --------------------------------------------------------

--
-- Table structure for table `contracted_clients`
--

CREATE TABLE `contracted_clients` (
  `id` bigint(20) UNSIGNED NOT NULL,
  `user_id` bigint(20) UNSIGNED DEFAULT NULL,
  `name` varchar(255) NOT NULL,
  `email` varchar(255) DEFAULT NULL,
  `phone` varchar(255) DEFAULT NULL,
  `address` varchar(255) DEFAULT NULL,
  `business_id` varchar(255) DEFAULT NULL,
  `contract_start` date DEFAULT NULL,
  `contract_end` date DEFAULT NULL,
  `latitude` decimal(10,8) DEFAULT NULL,
  `longitude` decimal(11,8) DEFAULT NULL,
  `created_at` timestamp NULL DEFAULT NULL,
  `updated_at` timestamp NULL DEFAULT NULL,
  `deleted_at` timestamp NULL DEFAULT NULL
) ENGINE=InnoDB DEFAULT CHARSET=utf8mb4 COLLATE=utf8mb4_unicode_ci;

--
-- Dumping data for table `contracted_clients`
--

INSERT INTO `contracted_clients` (`id`, `user_id`, `name`, `email`, `phone`, `address`, `business_id`, `contract_start`, `contract_end`, `latitude`, `longitude`, `created_at`, `updated_at`, `deleted_at`) VALUES
(1, 19, 'Kakslauttanen', 'kakslauttanen@company.com', '+358 00 000 0000', 'Address to be updated', '1234567-8', NULL, NULL, 68.33470361, 27.33426652, '2025-10-02 10:51:46', '2025-10-28 23:25:47', NULL),
(2, 20, 'Aikamatkat', 'aikamatkat@company.com', '+358 00 000 0000', 'Address to be updated', '1234567-0', NULL, NULL, 14.52682705, 121.01600925, '2025-10-02 10:51:46', '2025-10-28 23:25:47', NULL);

-- --------------------------------------------------------

--
-- Table structure for table `daily_team_assignments`
--

CREATE TABLE `daily_team_assignments` (
  `id` bigint(20) UNSIGNED NOT NULL,
  `assignment_date` date NOT NULL,
  `car_id` bigint(20) UNSIGNED DEFAULT NULL,
  `contracted_client_id` bigint(20) UNSIGNED NOT NULL,
  `created_at` timestamp NULL DEFAULT NULL,
  `updated_at` timestamp NULL DEFAULT NULL
) ENGINE=InnoDB DEFAULT CHARSET=utf8mb4 COLLATE=utf8mb4_unicode_ci;

-- --------------------------------------------------------

--
-- Table structure for table `day_offs`
--

CREATE TABLE `day_offs` (
  `id` bigint(20) UNSIGNED NOT NULL,
  `employee_id` bigint(20) UNSIGNED NOT NULL,
  `date` date NOT NULL,
  `reason` varchar(255) DEFAULT NULL,
  `type` varchar(50) DEFAULT 'day_off',
  `created_at` timestamp NULL DEFAULT NULL,
  `updated_at` timestamp NULL DEFAULT NULL
) ENGINE=InnoDB DEFAULT CHARSET=utf8mb4 COLLATE=utf8mb4_unicode_ci;

-- --------------------------------------------------------

--
-- Table structure for table `employees`
--

CREATE TABLE `employees` (
  `id` bigint(20) UNSIGNED NOT NULL,
  `user_id` bigint(20) UNSIGNED NOT NULL,
  `skills` longtext CHARACTER SET utf8mb4 COLLATE utf8mb4_bin NOT NULL CHECK (json_valid(`skills`)),
  `is_active` tinyint(1) NOT NULL DEFAULT 1,
  `is_day_off` tinyint(1) NOT NULL DEFAULT 0,
  `is_busy` tinyint(1) NOT NULL DEFAULT 0,
  `efficiency` decimal(3,2) NOT NULL DEFAULT 1.00 COMMENT 'Employee efficiency multiplier (0.5 to 2.0)',
  `has_driving_license` tinyint(1) NOT NULL DEFAULT 0,
  `years_of_experience` int(11) NOT NULL DEFAULT 0,
  `salary_per_hour` decimal(8,2) NOT NULL DEFAULT 13.00,
  `created_at` timestamp NULL DEFAULT NULL,
  `updated_at` timestamp NULL DEFAULT NULL,
  `months_employed` int(11) NOT NULL DEFAULT 0 COMMENT 'Months of employment for efficiency calculation',
  `deleted_at` timestamp NULL DEFAULT NULL
) ENGINE=InnoDB DEFAULT CHARSET=utf8mb4 COLLATE=utf8mb4_unicode_ci;

--
-- Dumping data for table `employees`
--

INSERT INTO `employees` (`id`, `user_id`, `skills`, `is_active`, `is_day_off`, `is_busy`, `efficiency`, `has_driving_license`, `years_of_experience`, `salary_per_hour`, `created_at`, `updated_at`, `months_employed`, `deleted_at`) VALUES
(1, 2, '[\"Driving\",\"Cleaning\"]', 1, 0, 0, 1.00, 1, 0, 13.00, '2025-10-02 10:51:46', '2025-10-16 19:40:36', 0, NULL),
(2, 3, '[\"Driving\",\"Cleaning\"]', 1, 0, 0, 1.00, 1, 0, 13.00, '2025-10-02 10:51:46', '2025-10-16 19:40:36', 0, NULL),
(3, 4, '[\"Driving\",\"Cleaning\"]', 1, 0, 0, 1.00, 1, 0, 13.00, '2025-10-02 10:51:46', '2025-10-16 19:40:36', 0, NULL),
(4, 5, '[\"Driving\",\"Cleaning\"]', 1, 0, 0, 1.00, 1, 0, 13.00, '2025-10-02 10:51:46', '2025-10-16 19:40:36', 0, NULL),
(5, 6, '[\"Driving\",\"Cleaning\"]', 1, 0, 0, 1.00, 1, 0, 13.00, '2025-10-02 10:51:46', '2025-10-16 19:40:36', 0, NULL),
(6, 7, '[\"Cleaning\"]', 1, 0, 0, 1.00, 0, 0, 13.00, '2025-10-02 10:51:46', '2025-10-16 19:40:36', 0, NULL),
(7, 8, '[\"Cleaning\"]', 1, 0, 0, 1.00, 0, 0, 13.00, '2025-10-02 10:51:46', '2025-10-16 19:40:36', 0, NULL),
(8, 9, '[\"Cleaning\"]', 1, 0, 0, 1.00, 0, 0, 13.00, '2025-10-02 10:51:46', '2025-10-16 19:40:36', 0, NULL),
(9, 10, '[\"Driving\",\"Cleaning\"]', 1, 0, 0, 1.00, 1, 0, 13.00, '2025-10-02 10:51:46', '2025-10-16 19:40:36', 0, NULL),
(10, 11, '[\"Driving\",\"Cleaning\"]', 1, 0, 0, 1.00, 1, 0, 13.00, '2025-10-02 10:51:46', '2025-10-16 19:40:36', 0, NULL),
(11, 12, '[\"Driving\",\"Cleaning\"]', 1, 0, 0, 1.00, 1, 0, 13.00, '2025-10-02 10:51:46', '2025-10-16 19:40:36', 0, NULL);

-- --------------------------------------------------------

--
-- Table structure for table `employee_performance`
--

CREATE TABLE `employee_performance` (
  `id` bigint(20) UNSIGNED NOT NULL,
  `employee_id` bigint(20) UNSIGNED NOT NULL,
  `date` date NOT NULL,
  `tasks_completed` int(11) NOT NULL DEFAULT 0,
  `total_performance_score` decimal(8,4) NOT NULL DEFAULT 0.0000,
  `average_performance` decimal(8,4) NOT NULL DEFAULT 0.0000 COMMENT 'Score > 1.0 = faster, < 1.0 = slower',
  `created_at` timestamp NULL DEFAULT NULL,
  `updated_at` timestamp NULL DEFAULT NULL
) ENGINE=InnoDB DEFAULT CHARSET=utf8mb4 COLLATE=utf8mb4_unicode_ci;

-- --------------------------------------------------------

--
-- Table structure for table `employee_watched_videos`
--

CREATE TABLE `employee_watched_videos` (
  `id` bigint(20) UNSIGNED NOT NULL,
  `user_id` bigint(20) UNSIGNED NOT NULL,
  `training_video_id` bigint(20) UNSIGNED NOT NULL,
  `watched_at` timestamp NOT NULL DEFAULT current_timestamp() ON UPDATE current_timestamp(),
  `created_at` timestamp NULL DEFAULT NULL,
  `updated_at` timestamp NULL DEFAULT NULL
) ENGINE=InnoDB DEFAULT CHARSET=utf8mb4 COLLATE=utf8mb4_unicode_ci;

-- --------------------------------------------------------

--
-- Table structure for table `feedback`
--

CREATE TABLE `feedback` (
  `id` bigint(20) UNSIGNED NOT NULL,
  `client_id` bigint(20) UNSIGNED NOT NULL,
  `service_type` varchar(255) NOT NULL,
  `overall_rating` int(11) NOT NULL,
  `quality_rating` int(11) NOT NULL,
  `cleanliness_rating` int(11) NOT NULL,
  `punctuality_rating` int(11) NOT NULL,
  `professionalism_rating` int(11) NOT NULL,
  `value_rating` int(11) NOT NULL,
  `comments` text NOT NULL,
  `would_recommend` tinyint(1) NOT NULL DEFAULT 0,
  `created_at` timestamp NULL DEFAULT NULL,
  `updated_at` timestamp NULL DEFAULT NULL
) ENGINE=InnoDB DEFAULT CHARSET=utf8mb4 COLLATE=utf8mb4_unicode_ci;

-- --------------------------------------------------------

--
-- Table structure for table `holidays`
--

CREATE TABLE `holidays` (
  `id` bigint(20) UNSIGNED NOT NULL,
  `date` date NOT NULL,
  `name` varchar(255) NOT NULL,
  `created_by` bigint(20) UNSIGNED NOT NULL,
  `created_at` timestamp NULL DEFAULT NULL,
  `updated_at` timestamp NULL DEFAULT NULL
) ENGINE=InnoDB DEFAULT CHARSET=utf8mb4 COLLATE=utf8mb4_unicode_ci;

--
-- Dumping data for table `holidays`
--

INSERT INTO `holidays` (`id`, `date`, `name`, `created_by`, `created_at`, `updated_at`) VALUES
(5, '2025-09-10', 'Special Holiday', 1, '2025-10-26 06:04:03', '2025-10-26 06:04:03'),
(6, '2025-09-11', 'Non-Working Holiday', 1, '2025-10-26 06:04:14', '2025-10-26 06:04:14'),
(7, '2025-09-12', 'Everyday Holiday', 1, '2025-10-26 06:04:25', '2025-10-26 06:04:25');

-- --------------------------------------------------------

--
-- Table structure for table `invalid_tasks`
--

CREATE TABLE `invalid_tasks` (
  `id` bigint(20) UNSIGNED NOT NULL,
  `optimization_run_id` bigint(20) UNSIGNED DEFAULT NULL,
  `task_id` bigint(20) UNSIGNED NOT NULL,
  `rejection_reason` varchar(255) NOT NULL,
  `task_details` longtext CHARACTER SET utf8mb4 COLLATE utf8mb4_bin DEFAULT NULL CHECK (json_valid(`task_details`)),
  `created_at` timestamp NULL DEFAULT NULL,
  `updated_at` timestamp NULL DEFAULT NULL
) ENGINE=InnoDB DEFAULT CHARSET=utf8mb4 COLLATE=utf8mb4_unicode_ci;

-- --------------------------------------------------------

--
-- Table structure for table `jobs`
--

CREATE TABLE `jobs` (
  `id` bigint(20) UNSIGNED NOT NULL,
  `queue` varchar(255) NOT NULL,
  `payload` longtext NOT NULL,
  `attempts` tinyint(3) UNSIGNED NOT NULL,
  `reserved_at` int(10) UNSIGNED DEFAULT NULL,
  `available_at` int(10) UNSIGNED NOT NULL,
  `created_at` int(10) UNSIGNED NOT NULL
) ENGINE=InnoDB DEFAULT CHARSET=utf8mb4 COLLATE=utf8mb4_unicode_ci;

-- --------------------------------------------------------

--
-- Table structure for table `job_applications`
--

CREATE TABLE `job_applications` (
  `id` bigint(20) UNSIGNED NOT NULL,
  `job_title` varchar(255) NOT NULL,
  `job_type` varchar(255) DEFAULT NULL,
  `email` varchar(255) NOT NULL,
  `alternative_email` varchar(255) DEFAULT NULL,
  `resume_path` varchar(255) NOT NULL,
  `resume_original_name` varchar(255) NOT NULL,
  `status` enum('pending','reviewed','interview_scheduled','hired','rejected') NOT NULL DEFAULT 'pending',
  `admin_notes` text DEFAULT NULL,
  `reviewed_at` timestamp NULL DEFAULT NULL,
  `created_at` timestamp NULL DEFAULT NULL,
  `updated_at` timestamp NULL DEFAULT NULL
) ENGINE=InnoDB DEFAULT CHARSET=utf8mb4 COLLATE=utf8mb4_unicode_ci;

--
-- Dumping data for table `job_applications`
--

INSERT INTO `job_applications` (`id`, `job_title`, `job_type`, `email`, `alternative_email`, `resume_path`, `resume_original_name`, `status`, `admin_notes`, `reviewed_at`, `created_at`, `updated_at`) VALUES
(1, 'Deep Cleaning Specialist', 'full-time', 'emmausldigol@yahoo.com', NULL, 'job-applications/br28IS5r8Zo3rrr6isKPJer2ipGhOqRxRyHhaOPH.pdf', 'BCSAD_Template_Application-for-Graduation.pdf', 'pending', NULL, NULL, '2026-02-03 21:48:27', '2026-02-03 21:48:27');

-- --------------------------------------------------------

--
-- Table structure for table `locations`
--

CREATE TABLE `locations` (
  `id` bigint(20) UNSIGNED NOT NULL,
  `contracted_client_id` bigint(20) UNSIGNED NOT NULL,
  `location_name` varchar(255) NOT NULL,
  `location_type` varchar(255) NOT NULL,
  `base_cleaning_duration_minutes` int(11) NOT NULL,
  `normal_rate_per_hour` decimal(10,2) DEFAULT NULL,
  `sunday_holiday_rate` decimal(10,2) DEFAULT NULL,
  `deep_cleaning_rate` decimal(10,2) DEFAULT NULL,
  `light_deep_cleaning_rate` decimal(10,2) DEFAULT NULL,
  `student_rate` decimal(10,2) DEFAULT NULL,
  `student_sunday_holiday_rate` decimal(10,2) DEFAULT NULL,
  `created_at` timestamp NULL DEFAULT NULL,
  `updated_at` timestamp NULL DEFAULT NULL,
  `deleted_at` timestamp NULL DEFAULT NULL
) ENGINE=InnoDB DEFAULT CHARSET=utf8mb4 COLLATE=utf8mb4_unicode_ci;

--
-- Dumping data for table `locations`
--

INSERT INTO `locations` (`id`, `contracted_client_id`, `location_name`, `location_type`, `base_cleaning_duration_minutes`, `normal_rate_per_hour`, `sunday_holiday_rate`, `deep_cleaning_rate`, `light_deep_cleaning_rate`, `student_rate`, `student_sunday_holiday_rate`, `created_at`, `updated_at`, `deleted_at`) VALUES
(1, 1, 'Small Cabin #1', 'Small Cabin', 60, 42.00, 84.00, NULL, NULL, 2.00, NULL, '2025-10-02 10:51:46', '2025-10-29 14:34:30', NULL),
(2, 1, 'Small Cabin #2', 'Small Cabin', 60, 42.00, 84.00, NULL, NULL, 2.00, NULL, '2025-10-02 10:51:46', '2025-10-29 14:34:30', NULL),
(3, 1, 'Small Cabin #3', 'Small Cabin', 60, 42.00, 84.00, NULL, NULL, 2.00, NULL, '2025-10-02 10:51:46', '2025-10-29 14:34:30', NULL),
(4, 1, 'Small Cabin #4', 'Small Cabin', 60, 42.00, 84.00, NULL, NULL, 2.00, NULL, '2025-10-02 10:51:46', '2025-10-29 14:34:30', NULL),
(5, 1, 'Small Cabin #5', 'Small Cabin', 60, 42.00, 84.00, NULL, NULL, 2.00, NULL, '2025-10-02 10:51:46', '2025-10-29 14:34:30', NULL),
(6, 1, 'Small Cabin #6', 'Small Cabin', 60, 42.00, 84.00, NULL, NULL, 2.00, NULL, '2025-10-02 10:51:46', '2025-10-29 14:34:30', NULL),
(7, 1, 'Small Cabin #7', 'Small Cabin', 60, 42.00, 84.00, NULL, NULL, 2.00, NULL, '2025-10-02 10:51:46', '2025-10-29 14:34:30', NULL),
(8, 1, 'Small Cabin #8', 'Small Cabin', 60, 42.00, 84.00, NULL, NULL, 2.00, NULL, '2025-10-02 10:51:46', '2025-10-29 14:34:30', NULL),
(9, 1, 'Small Cabin #9', 'Small Cabin', 60, 42.00, 84.00, NULL, NULL, 2.00, NULL, '2025-10-02 10:51:46', '2025-10-29 14:34:30', NULL),
(10, 1, 'Small Cabin #10', 'Small Cabin', 60, 42.00, 84.00, NULL, NULL, 2.00, NULL, '2025-10-02 10:51:46', '2025-10-29 14:34:30', NULL),
(11, 1, 'Small Cabin #11', 'Small Cabin', 60, 42.00, 84.00, NULL, NULL, 2.00, NULL, '2025-10-02 10:51:46', '2025-10-29 14:34:30', NULL),
(12, 1, 'Small Cabin #12', 'Small Cabin', 60, 42.00, 84.00, NULL, NULL, 2.00, NULL, '2025-10-02 10:51:46', '2025-10-29 14:34:30', NULL),
(13, 1, 'Medium Cabin #1', 'Medium Cabin', 60, 51.00, 102.00, NULL, NULL, NULL, NULL, '2025-10-02 10:51:46', '2025-10-02 10:51:46', NULL),
(14, 1, 'Medium Cabin #2', 'Medium Cabin', 60, 51.00, 102.00, NULL, NULL, NULL, NULL, '2025-10-02 10:51:46', '2025-10-02 10:51:46', NULL),
(15, 1, 'Medium Cabin #3', 'Medium Cabin', 60, 51.00, 102.00, NULL, NULL, NULL, NULL, '2025-10-02 10:51:46', '2025-10-02 10:51:46', NULL),
(16, 1, 'Medium Cabin #4', 'Medium Cabin', 60, 51.00, 102.00, NULL, NULL, NULL, NULL, '2025-10-02 10:51:46', '2025-10-02 10:51:46', NULL),
(17, 1, 'Medium Cabin #5', 'Medium Cabin', 60, 51.00, 102.00, NULL, NULL, NULL, NULL, '2025-10-02 10:51:46', '2025-10-02 10:51:46', NULL),
(18, 1, 'Medium Cabin #6', 'Medium Cabin', 60, 51.00, 102.00, NULL, NULL, NULL, NULL, '2025-10-02 10:51:46', '2025-10-02 10:51:46', NULL),
(19, 1, 'Big Cabin #1', 'Big Cabin', 60, 60.00, 120.00, NULL, NULL, NULL, NULL, '2025-10-02 10:51:46', '2025-10-02 10:51:46', NULL),
(20, 1, 'Big Cabin #2', 'Big Cabin', 60, 60.00, 120.00, NULL, NULL, NULL, NULL, '2025-10-02 10:51:46', '2025-10-02 10:51:46', NULL),
(21, 1, 'Big Cabin #3', 'Big Cabin', 60, 60.00, 120.00, NULL, NULL, NULL, NULL, '2025-10-02 10:51:46', '2025-10-02 10:51:46', NULL),
(22, 1, 'Big Cabin #4', 'Big Cabin', 60, 60.00, 120.00, NULL, NULL, NULL, NULL, '2025-10-02 10:51:46', '2025-10-02 10:51:46', NULL),
(23, 1, 'Big Cabin #5', 'Big Cabin', 60, 60.00, 120.00, NULL, NULL, NULL, NULL, '2025-10-02 10:51:46', '2025-10-02 10:51:46', NULL),
(24, 1, 'Big Cabin #6', 'Big Cabin', 60, 60.00, 120.00, NULL, NULL, NULL, NULL, '2025-10-02 10:51:46', '2025-10-02 10:51:46', NULL),
(25, 1, 'Big Cabin #7', 'Big Cabin', 60, 60.00, 120.00, NULL, NULL, NULL, NULL, '2025-10-02 10:51:46', '2025-10-02 10:51:46', NULL),
(26, 1, 'Big Cabin #8', 'Big Cabin', 60, 60.00, 120.00, NULL, NULL, NULL, NULL, '2025-10-02 10:51:46', '2025-10-02 10:51:46', NULL),
(27, 1, 'Big Cabin #9', 'Big Cabin', 60, 60.00, 120.00, NULL, NULL, NULL, NULL, '2025-10-02 10:51:46', '2025-10-02 10:51:46', NULL),
(28, 1, 'Big Cabin #10', 'Big Cabin', 60, 60.00, 120.00, NULL, NULL, NULL, NULL, '2025-10-02 10:51:46', '2025-10-02 10:51:46', NULL),
(29, 1, 'Big Cabin #11', 'Big Cabin', 60, 60.00, 120.00, NULL, NULL, NULL, NULL, '2025-10-02 10:51:46', '2025-10-02 10:51:46', NULL),
(30, 1, 'Big Cabin #12', 'Big Cabin', 60, 60.00, 120.00, NULL, NULL, NULL, NULL, '2025-10-02 10:51:46', '2025-10-02 10:51:46', NULL),
(31, 1, 'Big Cabin #13', 'Big Cabin', 60, 60.00, 120.00, NULL, NULL, NULL, NULL, '2025-10-02 10:51:46', '2025-10-02 10:51:46', NULL),
(32, 1, 'Queen Suite #1', 'Queen Suite', 60, 60.00, 120.00, NULL, NULL, NULL, NULL, '2025-10-02 10:51:46', '2025-10-02 10:51:46', NULL),
(33, 1, 'Queen Suite #2', 'Queen Suite', 60, 60.00, 120.00, NULL, NULL, NULL, NULL, '2025-10-02 10:51:46', '2025-10-02 10:51:46', NULL),
(34, 1, 'Queen Suite #3', 'Queen Suite', 60, 60.00, 120.00, NULL, NULL, NULL, NULL, '2025-10-02 10:51:46', '2025-10-02 10:51:46', NULL),
(35, 1, 'Queen Suite #4', 'Queen Suite', 60, 60.00, 120.00, NULL, NULL, NULL, NULL, '2025-10-02 10:51:46', '2025-10-02 10:51:46', NULL),
(36, 1, 'Queen Suite #5', 'Queen Suite', 60, 60.00, 120.00, NULL, NULL, NULL, NULL, '2025-10-02 10:51:46', '2025-10-02 10:51:46', NULL),
(37, 1, 'Igloo #1', 'Igloo', 45, 30.00, 60.00, NULL, NULL, NULL, NULL, '2025-10-02 10:51:46', '2025-10-02 10:51:46', NULL),
(38, 1, 'Igloo #2', 'Igloo', 45, 30.00, 60.00, NULL, NULL, NULL, NULL, '2025-10-02 10:51:46', '2025-10-02 10:51:46', NULL),
(39, 1, 'Igloo #3', 'Igloo', 45, 30.00, 60.00, NULL, NULL, NULL, NULL, '2025-10-02 10:51:46', '2025-10-02 10:51:46', NULL),
(40, 1, 'Igloo #4', 'Igloo', 45, 30.00, 60.00, NULL, NULL, NULL, NULL, '2025-10-02 10:51:46', '2025-10-02 10:51:46', NULL),
(41, 1, 'Igloo #5', 'Igloo', 45, 30.00, 60.00, NULL, NULL, NULL, NULL, '2025-10-02 10:51:46', '2025-10-02 10:51:46', NULL),
(42, 1, 'Igloo #6', 'Igloo', 45, 30.00, 60.00, NULL, NULL, NULL, NULL, '2025-10-02 10:51:46', '2025-10-02 10:51:46', NULL),
(43, 1, 'Igloo #7', 'Igloo', 45, 30.00, 60.00, NULL, NULL, NULL, NULL, '2025-10-02 10:51:46', '2025-10-02 10:51:46', NULL),
(44, 1, 'Igloo #8', 'Igloo', 45, 30.00, 60.00, NULL, NULL, NULL, NULL, '2025-10-02 10:51:46', '2025-10-02 10:51:46', NULL),
(45, 1, 'Igloo #9', 'Igloo', 45, 30.00, 60.00, NULL, NULL, NULL, NULL, '2025-10-02 10:51:46', '2025-10-02 10:51:46', NULL),
(46, 1, 'Igloo #10', 'Igloo', 45, 30.00, 60.00, NULL, NULL, NULL, NULL, '2025-10-02 10:51:46', '2025-10-02 10:51:46', NULL),
(47, 1, 'Igloo #11', 'Igloo', 45, 30.00, 60.00, NULL, NULL, NULL, NULL, '2025-10-02 10:51:46', '2025-10-02 10:51:46', NULL),
(48, 1, 'Igloo #12', 'Igloo', 45, 30.00, 60.00, NULL, NULL, NULL, NULL, '2025-10-02 10:51:46', '2025-10-02 10:51:46', NULL),
(49, 1, 'Igloo #13', 'Igloo', 45, 30.00, 60.00, NULL, NULL, NULL, NULL, '2025-10-02 10:51:46', '2025-10-02 10:51:46', NULL),
(50, 1, 'Igloo #14', 'Igloo', 45, 30.00, 60.00, NULL, NULL, NULL, NULL, '2025-10-02 10:51:46', '2025-10-02 10:51:46', NULL),
(51, 1, 'Igloo #15', 'Igloo', 45, 30.00, 60.00, NULL, NULL, NULL, NULL, '2025-10-02 10:51:46', '2025-10-02 10:51:46', NULL),
(52, 1, 'Igloo #16', 'Igloo', 45, 30.00, 60.00, NULL, NULL, NULL, NULL, '2025-10-02 10:51:46', '2025-10-02 10:51:46', NULL),
(53, 1, 'Igloo #17', 'Igloo', 45, 30.00, 60.00, NULL, NULL, NULL, NULL, '2025-10-02 10:51:46', '2025-10-02 10:51:46', NULL),
(54, 1, 'Igloo #18', 'Igloo', 45, 30.00, 60.00, NULL, NULL, NULL, NULL, '2025-10-02 10:51:46', '2025-10-02 10:51:46', NULL),
(55, 1, 'Igloo #19', 'Igloo', 45, 30.00, 60.00, NULL, NULL, NULL, NULL, '2025-10-02 10:51:46', '2025-10-02 10:51:46', NULL),
(56, 1, 'Igloo #20', 'Igloo', 45, 30.00, 60.00, NULL, NULL, NULL, NULL, '2025-10-02 10:51:46', '2025-10-02 10:51:46', NULL),
(57, 1, 'Traditional House', 'Traditional House', 60, 60.00, 120.00, NULL, NULL, NULL, NULL, '2025-10-02 10:51:46', '2025-10-02 10:51:46', NULL),
(58, 1, 'Turf Chamber', 'Turf Chamber', 60, 60.00, 120.00, NULL, NULL, NULL, NULL, '2025-10-02 10:51:46', '2025-10-02 10:51:46', NULL),
(59, 2, 'Panimo Cabins #1', 'Panimo Cabins', 60, 68.25, 120.50, 210.00, 110.00, 36.75, 55.50, '2025-10-02 10:51:46', '2025-10-02 10:51:46', NULL),
(60, 2, 'Panimo Cabins #2', 'Panimo Cabins', 60, 68.25, 120.50, 210.00, 110.00, 36.75, 55.50, '2025-10-02 10:51:46', '2025-10-02 10:51:46', NULL),
(61, 2, 'Panimo Cabins #3', 'Panimo Cabins', 60, 68.25, 120.50, 210.00, 110.00, 36.75, 55.50, '2025-10-02 10:51:46', '2025-10-02 10:51:46', NULL),
(62, 2, 'Panimo Cabins #4', 'Panimo Cabins', 60, 68.25, 120.50, 210.00, 110.00, 36.75, 55.50, '2025-10-02 10:51:46', '2025-10-02 10:51:46', NULL),
(63, 2, 'Panimo Cabins #5', 'Panimo Cabins', 60, 68.25, 120.50, 210.00, 110.00, 36.75, 55.50, '2025-10-02 10:51:46', '2025-10-02 10:51:46', NULL),
(64, 2, 'Panimo Cabins #6', 'Panimo Cabins', 60, 68.25, 120.50, 210.00, 110.00, 36.75, 55.50, '2025-10-02 10:51:46', '2025-10-02 10:51:46', NULL),
(65, 2, 'Panimo Cabins #7', 'Panimo Cabins', 60, 68.25, 120.50, 210.00, 110.00, 36.75, 55.50, '2025-10-02 10:51:46', '2025-10-02 10:51:46', NULL),
(66, 2, 'Panimo Cabins #8', 'Panimo Cabins', 60, 68.25, 120.50, 210.00, 110.00, 36.75, 55.50, '2025-10-02 10:51:46', '2025-10-02 10:51:46', NULL),
(67, 2, 'Panimo Cabins #9', 'Panimo Cabins', 60, 68.25, 120.50, 210.00, 110.00, 36.75, 55.50, '2025-10-02 10:51:46', '2025-10-02 10:51:46', NULL),
(68, 2, 'Panimo Cabins #10', 'Panimo Cabins', 60, 68.25, 120.50, 210.00, 110.00, 36.75, 55.50, '2025-10-02 10:51:46', '2025-10-02 10:51:46', NULL),
(69, 2, 'Panimo Cabins #11', 'Panimo Cabins', 60, 68.25, 120.50, 210.00, 110.00, 36.75, 55.50, '2025-10-02 10:51:46', '2025-10-02 10:51:46', NULL),
(70, 2, 'Panimo Cabins #12', 'Panimo Cabins', 60, 68.25, 120.50, 210.00, 110.00, 36.75, 55.50, '2025-10-02 10:51:46', '2025-10-02 10:51:46', NULL),
(71, 2, 'Metsakoti A', 'Metsakoti A', 60, 84.00, 126.00, 210.00, 110.00, 36.75, 55.50, '2025-10-02 10:51:46', '2025-10-02 10:51:46', NULL),
(72, 2, 'Metsakoti B', 'Metsakoti B', 60, 84.00, 126.00, 210.00, 110.00, 47.25, 70.90, '2025-10-02 10:51:46', '2025-10-02 10:51:46', NULL),
(73, 2, 'Kermikkas', 'Kermikkas', 60, 36.75, 55.50, NULL, NULL, 20.00, 30.00, '2025-10-02 10:51:46', '2025-10-02 10:51:46', NULL),
(74, 2, 'Hirvasaho A2 and B1', 'Hirvasaho A2 and B1', 60, 36.75, 55.50, NULL, NULL, 20.00, 30.00, '2025-10-02 10:51:46', '2025-10-02 10:51:46', NULL),
(75, 2, 'Hirvasaho B2', 'Hirvasaho B2', 60, 68.25, 102.50, NULL, NULL, 36.75, 55.50, '2025-10-02 10:51:46', '2025-10-02 10:51:46', NULL),
(76, 2, 'Hirvas Apartments', 'Hirvas Apartments', 60, 36.75, 55.50, NULL, NULL, 20.00, 30.00, '2025-10-02 10:51:46', '2025-10-02 10:51:46', NULL),
(77, 2, 'Voursa 3A and 3B', 'Voursa 3A and 3B', 60, 36.75, 55.50, NULL, NULL, 20.00, 30.00, '2025-10-02 10:51:46', '2025-10-02 10:51:46', NULL),
(78, 2, 'Voursa 3C', 'Voursa 3C', 60, 68.25, 102.50, NULL, NULL, 36.75, 55.50, '2025-10-02 10:51:46', '2025-10-02 10:51:46', NULL),
(79, 2, 'Moitakuru C31 and C32', 'Moitakuru C31 and C32', 60, 57.75, 87.50, NULL, NULL, 31.50, 47.25, '2025-10-02 10:51:46', '2025-10-02 10:51:46', NULL),
(80, 2, 'Luulampi', 'Luulampi', 60, 68.25, 102.50, NULL, NULL, 36.75, 55.50, '2025-10-02 10:51:46', '2025-10-02 10:51:46', NULL),
(81, 2, 'Metashirvas', 'Metashirvas', 60, 73.50, 110.25, NULL, NULL, 39.75, 59.50, '2025-10-02 10:51:46', '2025-10-02 10:51:46', NULL),
(82, 2, 'Kelothti', 'Kelothti', 60, 73.50, 110.25, NULL, NULL, 39.75, 59.50, '2025-10-02 10:51:46', '2025-10-02 10:51:46', NULL),
(83, 2, 'Raahenmaja', 'Raahenmaja', 60, 94.50, 141.75, NULL, NULL, 51.00, 76.50, '2025-10-02 10:51:46', '2025-10-02 10:51:46', NULL);

-- --------------------------------------------------------

--
-- Table structure for table `migrations`
--

CREATE TABLE `migrations` (
  `id` int(10) UNSIGNED NOT NULL,
  `migration` varchar(255) NOT NULL,
  `batch` int(11) NOT NULL
) ENGINE=InnoDB DEFAULT CHARSET=utf8mb4 COLLATE=utf8mb4_unicode_ci;

--
-- Dumping data for table `migrations`
--

INSERT INTO `migrations` (`id`, `migration`, `batch`) VALUES
(1, '2019_12_14_000001_create_personal_access_tokens_table', 1),
(2, '2025_10_02_130207_create_all_tables', 1),
(3, '2025_10_05_133300_create_scheduling_logs_table', 1),
(4, '2025_10_08_162339_add_time_tracking_and_reporting_tables', 1),
(5, '2025_10_16_150828_create_optimization_runs_table', 1),
(6, '2025_10_16_150857_create_opt_gen_run_gen_idx', 1),
(7, '2025_10_16_150908_add_optimization_tracking_to_tasks_table', 1),
(8, '2025_10_17_110853_create_invalid_tasks_table', 1),
(9, '2025_10_17_110859_create_scenario_analyses_table', 1),
(10, '2025_10_17_111652_create_jobs_table', 1),
(11, '2025_10_17_112656_add_optimization_columns_to_employees_and_tasks_tables', 1),
(12, '2025_10_17_112849_create_day_offs_table', 1),
(13, '2025_10_20_074012_add_new_optimization_fields_to_tables', 1),
(14, '2025_10_20_084509_fix_tasks_status_enum', 1),
(15, '2025_10_20_103958_create_optimization_teams_and_members_tables', 1),
(16, '2025_10_21_150612_add_finnish_address_fields_to_clients_table', 1),
(17, '2025_10_21_190214_add_pricing_columns_to_locations_table', 1),
(18, '2025_10_21_191533_remove_number_of_cabins_from_locations_table', 1),
(19, '2025_10_22_182307_create_client_appointments_table', 1),
(20, '2025_10_22_201350_create_holidays_table', 1),
(21, '2025_10_24_000000_add_unique_constraints', 1),
(22, '2025_10_24_000001_add_soft_deletes_to_critical_tables', 1),
(23, '2025_10_25_134858_add_profile_picture_to_users_table', 1),
(24, '2025_10_25_142356_add_username_to_users_table', 1),
(25, '2025_10_25_154640_remove_redundant_columns_from_clients_and_employees_tables', 1),
(26, '2025_10_25_190543_add_geofencing_fields_to_attendances_table', 1),
(27, '2025_10_25_190833_create_company_settings_table', 1),
(28, '2025_10_26_134602_add_business_id_to_clients_table', 1),
(29, '2025_10_26_155156_add_salary_per_hour_to_employees_table', 1),
(30, '2025_10_26_160100_update_salary_per_hour_default_value', 1),
(31, '2025_10_26_161905_add_service_inquiry_fields_to_client_appointments_table', 1),
(32, '2025_10_26_181126_make_user_id_nullable_in_clients_table', 1),
(33, '2025_10_26_183123_add_contact_fields_to_clients_table', 1),
(34, '2025_10_26_191358_create_notifications_table', 1),
(35, '2025_10_27_153031_add_unit_details_to_client_appointments_table', 1),
(36, '2025_10_27_180827_create_feedback_table', 1),
(37, '2025_10_27_200441_add_performance_indexes_to_tables', 1),
(38, '2025_10_29_074500_add_coordinates_to_contracted_clients', 1),
(39, '2025_10_29_074600_remove_coordinates_from_tasks', 1),
(40, '2025_10_29_110940_add_rate_type_to_tasks_table', 1),
(41, '2025_10_29_135821_add_company_role_and_link_to_contracted_clients', 1),
(42, '2025_10_29_150832_add_contact_fields_to_contracted_clients_table', 1),
(43, '2025_10_29_152501_add_company_role_to_users_table', 1),
(44, '2025_10_29_202422_create_quotations_table', 1),
(45, '2025_10_30_000001_add_status_to_day_offs_table', 1),
(46, '2025_10_30_000002_create_training_videos_table', 1),
(47, '2025_10_30_000004_create_push_tokens_table', 1),
(48, '2025_10_30_000005_create_task_reviews_table', 1),
(49, '2025_10_30_000006_add_is_active_to_users_table', 1),
(50, '2025_11_03_201005_drop_unused_tables', 1),
(51, '2026_01_20_033309_create_company_checklists_table', 1),
(52, '2026_01_20_100000_create_task_checklist_completions_table', 1),
(53, '2026_02_04_053704_create_job_applications_table', 2);

-- --------------------------------------------------------

--
-- Table structure for table `notifications`
--

CREATE TABLE `notifications` (
  `id` bigint(20) UNSIGNED NOT NULL,
  `user_id` bigint(20) UNSIGNED NOT NULL,
  `type` varchar(255) NOT NULL,
  `title` varchar(255) NOT NULL,
  `message` text NOT NULL,
  `data` longtext CHARACTER SET utf8mb4 COLLATE utf8mb4_bin DEFAULT NULL CHECK (json_valid(`data`)),
  `read_at` timestamp NULL DEFAULT NULL,
  `created_at` timestamp NULL DEFAULT NULL,
  `updated_at` timestamp NULL DEFAULT NULL
) ENGINE=InnoDB DEFAULT CHARSET=utf8mb4 COLLATE=utf8mb4_unicode_ci;

-- --------------------------------------------------------

--
-- Table structure for table `optimization_generations`
--

CREATE TABLE `optimization_generations` (
  `id` bigint(20) UNSIGNED NOT NULL,
  `optimization_run_id` bigint(20) UNSIGNED NOT NULL,
  `generation_number` int(11) NOT NULL,
  `best_fitness` decimal(8,4) NOT NULL,
  `average_fitness` decimal(8,4) NOT NULL,
  `worst_fitness` decimal(8,4) NOT NULL,
  `is_improvement` tinyint(1) NOT NULL DEFAULT 0,
  `best_schedule_data` longtext CHARACTER SET utf8mb4 COLLATE utf8mb4_bin NOT NULL CHECK (json_valid(`best_schedule_data`)),
  `population_summary` longtext CHARACTER SET utf8mb4 COLLATE utf8mb4_bin DEFAULT NULL CHECK (json_valid(`population_summary`)),
  `created_at` timestamp NULL DEFAULT NULL,
  `updated_at` timestamp NULL DEFAULT NULL
) ENGINE=InnoDB DEFAULT CHARSET=utf8mb4 COLLATE=utf8mb4_unicode_ci;

-- --------------------------------------------------------

--
-- Table structure for table `optimization_runs`
--

CREATE TABLE `optimization_runs` (
  `id` bigint(20) UNSIGNED NOT NULL,
  `service_date` date NOT NULL,
  `triggered_by_task_id` bigint(20) UNSIGNED DEFAULT NULL,
  `status` enum('running','completed','failed') NOT NULL DEFAULT 'running',
  `is_saved` tinyint(1) NOT NULL DEFAULT 0,
  `total_tasks` int(11) NOT NULL,
  `total_teams` int(11) NOT NULL,
  `total_employees` int(11) NOT NULL,
  `employee_allocation_data` longtext CHARACTER SET utf8mb4 COLLATE utf8mb4_bin DEFAULT NULL CHECK (json_valid(`employee_allocation_data`)),
  `greedy_result_data` longtext CHARACTER SET utf8mb4 COLLATE utf8mb4_bin DEFAULT NULL CHECK (json_valid(`greedy_result_data`)),
  `final_fitness_score` decimal(8,4) DEFAULT NULL,
  `generations_run` int(11) NOT NULL DEFAULT 0,
  `error_message` text DEFAULT NULL,
  `created_at` timestamp NULL DEFAULT NULL,
  `updated_at` timestamp NULL DEFAULT NULL,
  `deleted_at` timestamp NULL DEFAULT NULL
) ENGINE=InnoDB DEFAULT CHARSET=utf8mb4 COLLATE=utf8mb4_unicode_ci;

--
-- Dumping data for table `optimization_runs`
--

INSERT INTO `optimization_runs` (`id`, `service_date`, `triggered_by_task_id`, `status`, `is_saved`, `total_tasks`, `total_teams`, `total_employees`, `employee_allocation_data`, `greedy_result_data`, `final_fitness_score`, `generations_run`, `error_message`, `created_at`, `updated_at`, `deleted_at`) VALUES
(2, '2026-02-04', NULL, 'completed', 0, 1, 5, 11, '\"[]\"', '\"[]\"', 1.0000, 16, NULL, '2026-02-03 19:20:42', '2026-02-03 20:48:59', NULL),
(3, '2026-02-04', NULL, 'completed', 0, 1, 4, 9, '\"[]\"', '\"[]\"', 0.1515, 17, NULL, '2026-02-03 19:20:43', '2026-02-03 19:20:43', '2026-02-03 19:20:43'),
(4, '2026-02-04', NULL, 'completed', 0, 1, 3, 7, '\"[]\"', '\"[]\"', 1.0000, 16, NULL, '2026-02-03 19:20:43', '2026-02-03 20:48:59', NULL),
(5, '2026-02-05', NULL, 'completed', 0, 1, 5, 11, '\"[]\"', '\"[]\"', 0.1561, 18, NULL, '2026-02-03 20:53:45', '2026-02-03 20:53:46', '2026-02-03 20:53:46'),
(6, '2026-02-05', NULL, 'completed', 0, 1, 4, 9, '\"[]\"', '\"[]\"', 0.1515, 17, NULL, '2026-02-03 20:53:46', '2026-02-03 20:53:46', '2026-02-03 20:53:46'),
(7, '2026-02-05', NULL, 'completed', 0, 2, 4, 9, '\"[]\"', '\"[]\"', 0.0094, 16, NULL, '2026-02-03 20:53:47', '2026-02-03 20:53:47', '2026-02-03 20:53:47'),
(8, '2026-02-05', NULL, 'completed', 0, 2, 3, 7, '\"[]\"', '\"[]\"', 1.0000, 24, NULL, '2026-02-03 20:53:47', '2026-02-03 20:53:48', '2026-02-03 20:53:48'),
(9, '2026-02-05', NULL, 'completed', 0, 3, 3, 7, '\"[]\"', '\"[]\"', 0.7960, 16, NULL, '2026-02-03 20:53:48', '2026-02-03 20:53:48', NULL);

-- --------------------------------------------------------

--
-- Table structure for table `optimization_teams`
--

CREATE TABLE `optimization_teams` (
  `id` bigint(20) UNSIGNED NOT NULL,
  `optimization_run_id` bigint(20) UNSIGNED NOT NULL,
  `team_index` int(11) NOT NULL COMMENT 'Team number (1, 2, 3, etc.)',
  `service_date` date NOT NULL,
  `car_id` bigint(20) UNSIGNED DEFAULT NULL,
  `what_if_scenario_id` bigint(20) UNSIGNED DEFAULT NULL COMMENT 'NULL for baseline, ID for what-if scenarios',
  `created_at` timestamp NULL DEFAULT NULL,
  `updated_at` timestamp NULL DEFAULT NULL
) ENGINE=InnoDB DEFAULT CHARSET=utf8mb4 COLLATE=utf8mb4_unicode_ci;

--
-- Dumping data for table `optimization_teams`
--

INSERT INTO `optimization_teams` (`id`, `optimization_run_id`, `team_index`, `service_date`, `car_id`, `what_if_scenario_id`, `created_at`, `updated_at`) VALUES
(2, 2, 1, '2026-02-04', NULL, NULL, '2026-02-03 19:20:42', '2026-02-03 19:20:42'),
(3, 2, 2, '2026-02-04', NULL, NULL, '2026-02-03 19:20:42', '2026-02-03 19:20:42'),
(4, 2, 3, '2026-02-04', NULL, NULL, '2026-02-03 19:20:42', '2026-02-03 19:20:42'),
(5, 2, 4, '2026-02-04', NULL, NULL, '2026-02-03 19:20:42', '2026-02-03 19:20:42'),
(6, 2, 5, '2026-02-04', NULL, NULL, '2026-02-03 19:20:42', '2026-02-03 19:20:42'),
(7, 3, 1, '2026-02-04', NULL, NULL, '2026-02-03 19:20:43', '2026-02-03 19:20:43'),
(8, 3, 2, '2026-02-04', NULL, NULL, '2026-02-03 19:20:43', '2026-02-03 19:20:43'),
(9, 3, 3, '2026-02-04', NULL, NULL, '2026-02-03 19:20:43', '2026-02-03 19:20:43'),
(10, 3, 4, '2026-02-04', NULL, NULL, '2026-02-03 19:20:43', '2026-02-03 19:20:43'),
(11, 4, 1, '2026-02-04', NULL, NULL, '2026-02-03 19:20:43', '2026-02-03 19:20:43'),
(12, 4, 2, '2026-02-04', NULL, NULL, '2026-02-03 19:20:43', '2026-02-03 19:20:43'),
(13, 4, 3, '2026-02-04', NULL, NULL, '2026-02-03 19:20:43', '2026-02-03 19:20:43'),
(14, 5, 1, '2026-02-05', NULL, NULL, '2026-02-03 20:53:45', '2026-02-03 20:53:45'),
(15, 5, 2, '2026-02-05', NULL, NULL, '2026-02-03 20:53:45', '2026-02-03 20:53:45'),
(16, 5, 3, '2026-02-05', NULL, NULL, '2026-02-03 20:53:45', '2026-02-03 20:53:45'),
(17, 5, 4, '2026-02-05', NULL, NULL, '2026-02-03 20:53:45', '2026-02-03 20:53:45'),
(18, 5, 5, '2026-02-05', NULL, NULL, '2026-02-03 20:53:45', '2026-02-03 20:53:45'),
(19, 6, 1, '2026-02-05', NULL, NULL, '2026-02-03 20:53:46', '2026-02-03 20:53:46'),
(20, 6, 2, '2026-02-05', NULL, NULL, '2026-02-03 20:53:46', '2026-02-03 20:53:46'),
(21, 6, 3, '2026-02-05', NULL, NULL, '2026-02-03 20:53:46', '2026-02-03 20:53:46'),
(22, 6, 4, '2026-02-05', NULL, NULL, '2026-02-03 20:53:46', '2026-02-03 20:53:46'),
(23, 7, 1, '2026-02-05', NULL, NULL, '2026-02-03 20:53:47', '2026-02-03 20:53:47'),
(24, 7, 2, '2026-02-05', NULL, NULL, '2026-02-03 20:53:47', '2026-02-03 20:53:47'),
(25, 7, 3, '2026-02-05', NULL, NULL, '2026-02-03 20:53:47', '2026-02-03 20:53:47'),
(26, 7, 4, '2026-02-05', NULL, NULL, '2026-02-03 20:53:47', '2026-02-03 20:53:47'),
(27, 8, 1, '2026-02-05', NULL, NULL, '2026-02-03 20:53:47', '2026-02-03 20:53:47'),
(28, 8, 2, '2026-02-05', NULL, NULL, '2026-02-03 20:53:47', '2026-02-03 20:53:47'),
(29, 8, 3, '2026-02-05', NULL, NULL, '2026-02-03 20:53:47', '2026-02-03 20:53:47'),
(30, 9, 1, '2026-02-05', NULL, NULL, '2026-02-03 20:53:48', '2026-02-03 20:53:48'),
(31, 9, 2, '2026-02-05', NULL, NULL, '2026-02-03 20:53:48', '2026-02-03 20:53:48'),
(32, 9, 3, '2026-02-05', NULL, NULL, '2026-02-03 20:53:48', '2026-02-03 20:53:48');

-- --------------------------------------------------------

--
-- Table structure for table `optimization_team_members`
--

CREATE TABLE `optimization_team_members` (
  `id` bigint(20) UNSIGNED NOT NULL,
  `optimization_team_id` bigint(20) UNSIGNED NOT NULL,
  `employee_id` bigint(20) UNSIGNED NOT NULL,
  `created_at` timestamp NULL DEFAULT NULL,
  `updated_at` timestamp NULL DEFAULT NULL
) ENGINE=InnoDB DEFAULT CHARSET=utf8mb4 COLLATE=utf8mb4_unicode_ci;

--
-- Dumping data for table `optimization_team_members`
--

INSERT INTO `optimization_team_members` (`id`, `optimization_team_id`, `employee_id`, `created_at`, `updated_at`) VALUES
(3, 2, 9, '2026-02-03 19:20:42', '2026-02-03 19:20:42'),
(4, 2, 6, '2026-02-03 19:20:42', '2026-02-03 19:20:42'),
(5, 3, 5, '2026-02-03 19:20:42', '2026-02-03 19:20:42'),
(6, 3, 7, '2026-02-03 19:20:42', '2026-02-03 19:20:42'),
(7, 4, 3, '2026-02-03 19:20:42', '2026-02-03 19:20:42'),
(8, 4, 8, '2026-02-03 19:20:42', '2026-02-03 19:20:42'),
(9, 5, 11, '2026-02-03 19:20:42', '2026-02-03 19:20:42'),
(10, 5, 10, '2026-02-03 19:20:42', '2026-02-03 19:20:42'),
(11, 6, 4, '2026-02-03 19:20:42', '2026-02-03 19:20:42'),
(12, 6, 2, '2026-02-03 19:20:42', '2026-02-03 19:20:42'),
(13, 6, 1, '2026-02-03 19:20:42', '2026-02-03 19:20:42'),
(14, 7, 3, '2026-02-03 19:20:43', '2026-02-03 19:20:43'),
(15, 7, 7, '2026-02-03 19:20:43', '2026-02-03 19:20:43'),
(16, 8, 9, '2026-02-03 19:20:43', '2026-02-03 19:20:43'),
(17, 8, 8, '2026-02-03 19:20:43', '2026-02-03 19:20:43'),
(18, 9, 2, '2026-02-03 19:20:43', '2026-02-03 19:20:43'),
(19, 9, 6, '2026-02-03 19:20:43', '2026-02-03 19:20:43'),
(20, 10, 5, '2026-02-03 19:20:43', '2026-02-03 19:20:43'),
(21, 10, 1, '2026-02-03 19:20:43', '2026-02-03 19:20:43'),
(22, 10, 4, '2026-02-03 19:20:43', '2026-02-03 19:20:43'),
(23, 11, 5, '2026-02-03 19:20:43', '2026-02-03 19:20:43'),
(24, 11, 8, '2026-02-03 19:20:43', '2026-02-03 19:20:43'),
(25, 12, 9, '2026-02-03 19:20:43', '2026-02-03 19:20:43'),
(26, 12, 6, '2026-02-03 19:20:43', '2026-02-03 19:20:43'),
(27, 13, 2, '2026-02-03 19:20:43', '2026-02-03 19:20:43'),
(28, 13, 1, '2026-02-03 19:20:43', '2026-02-03 19:20:43'),
(29, 13, 4, '2026-02-03 19:20:43', '2026-02-03 19:20:43'),
(30, 14, 10, '2026-02-03 20:53:45', '2026-02-03 20:53:45'),
(31, 14, 6, '2026-02-03 20:53:45', '2026-02-03 20:53:45'),
(32, 15, 2, '2026-02-03 20:53:45', '2026-02-03 20:53:45'),
(33, 15, 8, '2026-02-03 20:53:45', '2026-02-03 20:53:45'),
(34, 16, 3, '2026-02-03 20:53:45', '2026-02-03 20:53:45'),
(35, 16, 7, '2026-02-03 20:53:45', '2026-02-03 20:53:45'),
(36, 17, 4, '2026-02-03 20:53:45', '2026-02-03 20:53:45'),
(37, 17, 5, '2026-02-03 20:53:45', '2026-02-03 20:53:45'),
(38, 18, 11, '2026-02-03 20:53:45', '2026-02-03 20:53:45'),
(39, 18, 1, '2026-02-03 20:53:45', '2026-02-03 20:53:45'),
(40, 18, 9, '2026-02-03 20:53:45', '2026-02-03 20:53:45'),
(41, 19, 9, '2026-02-03 20:53:46', '2026-02-03 20:53:46'),
(42, 19, 8, '2026-02-03 20:53:46', '2026-02-03 20:53:46'),
(43, 20, 4, '2026-02-03 20:53:46', '2026-02-03 20:53:46'),
(44, 20, 7, '2026-02-03 20:53:46', '2026-02-03 20:53:46'),
(45, 21, 11, '2026-02-03 20:53:46', '2026-02-03 20:53:46'),
(46, 21, 2, '2026-02-03 20:53:46', '2026-02-03 20:53:46'),
(47, 22, 3, '2026-02-03 20:53:46', '2026-02-03 20:53:46'),
(48, 22, 5, '2026-02-03 20:53:46', '2026-02-03 20:53:46'),
(49, 22, 1, '2026-02-03 20:53:46', '2026-02-03 20:53:46'),
(50, 23, 5, '2026-02-03 20:53:47', '2026-02-03 20:53:47'),
(51, 23, 6, '2026-02-03 20:53:47', '2026-02-03 20:53:47'),
(52, 24, 1, '2026-02-03 20:53:47', '2026-02-03 20:53:47'),
(53, 24, 7, '2026-02-03 20:53:47', '2026-02-03 20:53:47'),
(54, 25, 2, '2026-02-03 20:53:47', '2026-02-03 20:53:47'),
(55, 25, 4, '2026-02-03 20:53:47', '2026-02-03 20:53:47'),
(56, 26, 11, '2026-02-03 20:53:47', '2026-02-03 20:53:47'),
(57, 26, 10, '2026-02-03 20:53:47', '2026-02-03 20:53:47'),
(58, 26, 3, '2026-02-03 20:53:47', '2026-02-03 20:53:47'),
(59, 27, 3, '2026-02-03 20:53:47', '2026-02-03 20:53:47'),
(60, 27, 8, '2026-02-03 20:53:47', '2026-02-03 20:53:47'),
(61, 28, 9, '2026-02-03 20:53:47', '2026-02-03 20:53:47'),
(62, 28, 2, '2026-02-03 20:53:47', '2026-02-03 20:53:47'),
(63, 29, 4, '2026-02-03 20:53:47', '2026-02-03 20:53:47'),
(64, 29, 10, '2026-02-03 20:53:47', '2026-02-03 20:53:47'),
(65, 29, 11, '2026-02-03 20:53:47', '2026-02-03 20:53:47'),
(66, 30, 1, '2026-02-03 20:53:48', '2026-02-03 20:53:48'),
(67, 30, 6, '2026-02-03 20:53:48', '2026-02-03 20:53:48'),
(68, 31, 5, '2026-02-03 20:53:48', '2026-02-03 20:53:48'),
(69, 31, 7, '2026-02-03 20:53:48', '2026-02-03 20:53:48'),
(70, 32, 10, '2026-02-03 20:53:48', '2026-02-03 20:53:48'),
(71, 32, 4, '2026-02-03 20:53:48', '2026-02-03 20:53:48'),
(72, 32, 11, '2026-02-03 20:53:48', '2026-02-03 20:53:48');

-- --------------------------------------------------------

--
-- Table structure for table `performance_flags`
--

CREATE TABLE `performance_flags` (
  `id` bigint(20) UNSIGNED NOT NULL,
  `task_id` bigint(20) UNSIGNED NOT NULL,
  `employee_id` bigint(20) UNSIGNED DEFAULT NULL,
  `team_id` bigint(20) UNSIGNED DEFAULT NULL COMMENT 'Team ID from optimization_teams',
  `flag_type` varchar(255) NOT NULL,
  `estimated_minutes` int(11) DEFAULT NULL,
  `actual_minutes` int(11) DEFAULT NULL,
  `variance_minutes` int(11) DEFAULT NULL,
  `flagged_at` timestamp NOT NULL DEFAULT current_timestamp() ON UPDATE current_timestamp(),
  `reviewed` tinyint(1) NOT NULL DEFAULT 0,
  `reviewed_by` bigint(20) UNSIGNED DEFAULT NULL,
  `reviewed_at` timestamp NULL DEFAULT NULL,
  `review_notes` text DEFAULT NULL,
  `created_at` timestamp NULL DEFAULT NULL,
  `updated_at` timestamp NULL DEFAULT NULL
) ENGINE=InnoDB DEFAULT CHARSET=utf8mb4 COLLATE=utf8mb4_unicode_ci;

-- --------------------------------------------------------

--
-- Table structure for table `personal_access_tokens`
--

CREATE TABLE `personal_access_tokens` (
  `id` bigint(20) UNSIGNED NOT NULL,
  `tokenable_type` varchar(255) NOT NULL,
  `tokenable_id` bigint(20) UNSIGNED NOT NULL,
  `name` varchar(255) NOT NULL,
  `token` varchar(64) NOT NULL,
  `abilities` text DEFAULT NULL,
  `last_used_at` timestamp NULL DEFAULT NULL,
  `expires_at` timestamp NULL DEFAULT NULL,
  `created_at` timestamp NULL DEFAULT NULL,
  `updated_at` timestamp NULL DEFAULT NULL
) ENGINE=InnoDB DEFAULT CHARSET=utf8mb4 COLLATE=utf8mb4_unicode_ci;

--
-- Dumping data for table `personal_access_tokens`
--

INSERT INTO `personal_access_tokens` (`id`, `tokenable_type`, `tokenable_id`, `name`, `token`, `abilities`, `last_used_at`, `expires_at`, `created_at`, `updated_at`) VALUES
(6, 'App\\Models\\User', 5, 'mobile-app', '4d2f7c8ddb1fbcacdddda0c1a11fc5759bd2dcb5ee6b09ecf4a1a4a86a2fb9cd', '[\"*\"]', '2026-02-03 21:37:15', NULL, '2026-02-03 21:32:38', '2026-02-03 21:37:15'),
(8, 'App\\Models\\User', 5, 'mobile-app', '67c5179aa5c942ce431241bd1145088c556bb4cb2d9335255d45aaf54962fffe', '[\"*\"]', '2026-02-03 21:50:30', NULL, '2026-02-03 21:45:50', '2026-02-03 21:50:30');

-- --------------------------------------------------------

--
-- Table structure for table `push_tokens`
--

CREATE TABLE `push_tokens` (
  `id` bigint(20) UNSIGNED NOT NULL,
  `user_id` bigint(20) UNSIGNED NOT NULL,
  `token` varchar(255) NOT NULL,
  `device_type` varchar(255) DEFAULT NULL,
  `is_active` tinyint(1) NOT NULL DEFAULT 1,
  `created_at` timestamp NULL DEFAULT NULL,
  `updated_at` timestamp NULL DEFAULT NULL
) ENGINE=InnoDB DEFAULT CHARSET=utf8mb4 COLLATE=utf8mb4_unicode_ci;

-- --------------------------------------------------------

--
-- Table structure for table `quotations`
--

CREATE TABLE `quotations` (
  `id` bigint(20) UNSIGNED NOT NULL,
  `booking_type` enum('personal','company') NOT NULL,
  `cleaning_services` longtext CHARACTER SET utf8mb4 COLLATE utf8mb4_bin DEFAULT NULL CHECK (json_valid(`cleaning_services`)),
  `date_of_service` date DEFAULT NULL,
  `duration_of_service` int(11) DEFAULT NULL,
  `type_of_urgency` varchar(255) DEFAULT NULL,
  `property_type` varchar(255) NOT NULL,
  `floors` int(11) NOT NULL DEFAULT 1,
  `rooms` int(11) NOT NULL DEFAULT 1,
  `people_per_room` int(11) DEFAULT NULL,
  `floor_area` decimal(10,2) DEFAULT NULL,
  `area_unit` varchar(255) DEFAULT NULL,
  `location_type` varchar(255) DEFAULT NULL,
  `street_address` varchar(255) DEFAULT NULL,
  `postal_code` varchar(10) DEFAULT NULL,
  `city` varchar(255) DEFAULT NULL,
  `district` varchar(255) DEFAULT NULL,
  `latitude` decimal(10,7) DEFAULT NULL,
  `longitude` decimal(10,7) DEFAULT NULL,
  `company_name` varchar(255) DEFAULT NULL,
  `client_name` varchar(255) NOT NULL,
  `phone_number` varchar(255) NOT NULL,
  `email` varchar(255) NOT NULL,
  `estimated_price` decimal(10,2) DEFAULT NULL,
  `vat_amount` decimal(10,2) DEFAULT NULL,
  `total_price` decimal(10,2) DEFAULT NULL,
  `pricing_notes` text DEFAULT NULL,
  `status` enum('pending_review','under_review','quoted','accepted','rejected','converted') NOT NULL DEFAULT 'pending_review',
  `reviewed_by` bigint(20) UNSIGNED DEFAULT NULL,
  `reviewed_at` timestamp NULL DEFAULT NULL,
  `quoted_by` bigint(20) UNSIGNED DEFAULT NULL,
  `quoted_at` timestamp NULL DEFAULT NULL,
  `admin_notes` text DEFAULT NULL,
  `rejection_reason` text DEFAULT NULL,
  `appointment_id` bigint(20) UNSIGNED DEFAULT NULL,
  `converted_by` bigint(20) UNSIGNED DEFAULT NULL,
  `converted_at` timestamp NULL DEFAULT NULL,
  `client_responded_at` timestamp NULL DEFAULT NULL,
  `client_message` text DEFAULT NULL,
  `created_at` timestamp NULL DEFAULT NULL,
  `updated_at` timestamp NULL DEFAULT NULL,
  `deleted_at` timestamp NULL DEFAULT NULL
) ENGINE=InnoDB DEFAULT CHARSET=utf8mb4 COLLATE=utf8mb4_unicode_ci;

-- --------------------------------------------------------

--
-- Table structure for table `scenario_analyses`
--

CREATE TABLE `scenario_analyses` (
  `id` bigint(20) UNSIGNED NOT NULL,
  `service_date` date NOT NULL,
  `scenario_type` varchar(255) NOT NULL,
  `parameters` longtext CHARACTER SET utf8mb4 COLLATE utf8mb4_bin NOT NULL CHECK (json_valid(`parameters`)),
  `modified_schedule` longtext CHARACTER SET utf8mb4 COLLATE utf8mb4_bin NOT NULL CHECK (json_valid(`modified_schedule`)),
  `impact_analysis` longtext CHARACTER SET utf8mb4 COLLATE utf8mb4_bin NOT NULL CHECK (json_valid(`impact_analysis`)),
  `recommendations` longtext CHARACTER SET utf8mb4 COLLATE utf8mb4_bin DEFAULT NULL CHECK (json_valid(`recommendations`)),
  `created_at` timestamp NULL DEFAULT NULL,
  `updated_at` timestamp NULL DEFAULT NULL
) ENGINE=InnoDB DEFAULT CHARSET=utf8mb4 COLLATE=utf8mb4_unicode_ci;

-- --------------------------------------------------------

--
-- Table structure for table `tasks`
--

CREATE TABLE `tasks` (
  `id` bigint(20) UNSIGNED NOT NULL,
  `location_id` bigint(20) UNSIGNED DEFAULT NULL,
  `client_id` bigint(20) UNSIGNED DEFAULT NULL,
  `task_description` text NOT NULL,
  `rate_type` varchar(255) NOT NULL DEFAULT 'Normal',
  `arrival_status` tinyint(1) NOT NULL DEFAULT 0 COMMENT 'TRUE if guest arriving, FALSE otherwise',
  `estimated_duration_minutes` int(11) NOT NULL,
  `actual_duration` int(11) DEFAULT NULL COMMENT 'Actual time taken in minutes (auto-calculated)',
  `scheduled_date` date NOT NULL,
  `scheduled_time` time DEFAULT NULL,
  `duration` int(11) DEFAULT NULL COMMENT 'Task duration in minutes',
  `travel_time` int(11) NOT NULL DEFAULT 0 COMMENT 'Travel time to location in minutes',
  `required_equipment` longtext CHARACTER SET utf8mb4 COLLATE utf8mb4_bin DEFAULT NULL CHECK (json_valid(`required_equipment`)),
  `required_skills` longtext CHARACTER SET utf8mb4 COLLATE utf8mb4_bin DEFAULT NULL CHECK (json_valid(`required_skills`)),
  `status` varchar(50) DEFAULT 'Pending',
  `on_hold_reason` varchar(255) DEFAULT NULL,
  `on_hold_timestamp` timestamp NULL DEFAULT NULL,
  `assigned_team_id` bigint(20) UNSIGNED DEFAULT NULL,
  `reassigned_at` timestamp NULL DEFAULT NULL,
  `reassignment_reason` text DEFAULT NULL,
  `optimization_run_id` bigint(20) UNSIGNED DEFAULT NULL,
  `assigned_by_generation` int(11) DEFAULT NULL,
  `started_at` timestamp NULL DEFAULT NULL,
  `completed_at` timestamp NULL DEFAULT NULL,
  `created_at` timestamp NULL DEFAULT NULL,
  `updated_at` timestamp NULL DEFAULT NULL,
  `deleted_at` timestamp NULL DEFAULT NULL
) ENGINE=InnoDB DEFAULT CHARSET=utf8mb4 COLLATE=utf8mb4_unicode_ci;

--
-- Dumping data for table `tasks`
--

INSERT INTO `tasks` (`id`, `location_id`, `client_id`, `task_description`, `rate_type`, `arrival_status`, `estimated_duration_minutes`, `actual_duration`, `scheduled_date`, `scheduled_time`, `duration`, `travel_time`, `required_equipment`, `required_skills`, `status`, `on_hold_reason`, `on_hold_timestamp`, `assigned_team_id`, `reassigned_at`, `reassignment_reason`, `optimization_run_id`, `assigned_by_generation`, `started_at`, `completed_at`, `created_at`, `updated_at`, `deleted_at`) VALUES
(8, 59, NULL, 'Departure', 'Normal', 1, 60, NULL, '2026-02-04', '08:00:00', 60, 0, NULL, NULL, 'Scheduled', NULL, NULL, 5, NULL, NULL, 2, NULL, NULL, NULL, '2026-02-03 19:20:42', '2026-02-03 19:20:42', NULL),
(9, 60, NULL, 'Departure', 'Normal', 1, 60, 1, '2026-02-04', '08:00:00', 60, 0, NULL, NULL, 'Completed', NULL, NULL, 7, NULL, NULL, 3, NULL, '2026-02-03 21:11:30', '2026-02-03 21:13:28', '2026-02-03 19:20:43', '2026-02-03 21:13:28', NULL),
(10, 61, NULL, 'Departure', 'Normal', 1, 60, NULL, '2026-02-04', '08:00:00', 60, 0, NULL, NULL, 'Scheduled', NULL, NULL, 13, NULL, NULL, 4, NULL, NULL, NULL, '2026-02-03 19:20:43', '2026-02-03 19:20:43', NULL),
(11, 67, NULL, 'Daily Clean', 'Normal', 1, 60, NULL, '2026-02-05', '08:00:00', 60, 0, NULL, NULL, 'Scheduled', NULL, NULL, 30, NULL, NULL, 9, NULL, NULL, NULL, '2026-02-03 20:53:45', '2026-02-03 20:53:48', NULL),
(12, 70, NULL, 'Daily Clean', 'Normal', 1, 60, NULL, '2026-02-05', '08:00:00', 60, 0, NULL, NULL, 'Scheduled', NULL, NULL, 28, NULL, NULL, 8, NULL, NULL, NULL, '2026-02-03 20:53:46', '2026-02-03 20:53:47', NULL),
(13, 71, NULL, 'Daily Clean', 'Normal', 1, 60, NULL, '2026-02-05', '08:00:00', 60, 0, NULL, NULL, 'Scheduled', NULL, NULL, 31, NULL, NULL, 9, NULL, NULL, NULL, '2026-02-03 20:53:46', '2026-02-03 20:53:48', NULL),
(14, 75, NULL, 'Daily Clean', 'Normal', 1, 60, NULL, '2026-02-05', '08:00:00', 60, 0, NULL, NULL, 'Scheduled', NULL, NULL, 27, NULL, NULL, 8, NULL, NULL, NULL, '2026-02-03 20:53:47', '2026-02-03 20:53:47', NULL),
(15, 77, NULL, 'Daily Clean', 'Normal', 1, 60, 0, '2026-02-05', '08:00:00', 60, 0, NULL, NULL, 'Completed', NULL, NULL, 32, NULL, NULL, 9, NULL, '2026-02-03 21:37:08', '2026-02-03 21:37:15', '2026-02-03 20:53:48', '2026-02-03 21:37:15', NULL);

-- --------------------------------------------------------

--
-- Table structure for table `task_checklist_completions`
--

CREATE TABLE `task_checklist_completions` (
  `id` bigint(20) UNSIGNED NOT NULL,
  `task_id` bigint(20) UNSIGNED NOT NULL,
  `checklist_item_id` bigint(20) UNSIGNED NOT NULL,
  `is_completed` tinyint(1) NOT NULL DEFAULT 0,
  `completed_by` bigint(20) UNSIGNED DEFAULT NULL,
  `completed_at` timestamp NULL DEFAULT NULL,
  `created_at` timestamp NULL DEFAULT NULL,
  `updated_at` timestamp NULL DEFAULT NULL
) ENGINE=InnoDB DEFAULT CHARSET=utf8mb4 COLLATE=utf8mb4_unicode_ci;

--
-- Dumping data for table `task_checklist_completions`
--

INSERT INTO `task_checklist_completions` (`id`, `task_id`, `checklist_item_id`, `is_completed`, `completed_by`, `completed_at`, `created_at`, `updated_at`) VALUES
(1, 9, 1, 1, 4, '2026-02-03 21:13:18', '2026-02-03 21:13:18', '2026-02-03 21:13:18'),
(2, 9, 2, 1, 4, '2026-02-03 21:13:21', '2026-02-03 21:13:21', '2026-02-03 21:13:21'),
(3, 15, 1, 1, 5, '2026-02-03 21:37:12', '2026-02-03 21:37:12', '2026-02-03 21:37:12'),
(4, 15, 2, 1, 5, '2026-02-03 21:37:12', '2026-02-03 21:37:12', '2026-02-03 21:37:12');

-- --------------------------------------------------------

--
-- Table structure for table `task_reviews`
--

CREATE TABLE `task_reviews` (
  `id` bigint(20) UNSIGNED NOT NULL,
  `task_id` bigint(20) UNSIGNED NOT NULL,
  `contracted_client_id` bigint(20) UNSIGNED NOT NULL,
  `reviewer_user_id` bigint(20) UNSIGNED NOT NULL,
  `rating` tinyint(3) UNSIGNED NOT NULL,
  `feedback_tags` longtext CHARACTER SET utf8mb4 COLLATE utf8mb4_bin DEFAULT NULL CHECK (json_valid(`feedback_tags`)),
  `review_text` text DEFAULT NULL,
  `metadata` longtext CHARACTER SET utf8mb4 COLLATE utf8mb4_bin DEFAULT NULL CHECK (json_valid(`metadata`)),
  `created_at` timestamp NULL DEFAULT NULL,
  `updated_at` timestamp NULL DEFAULT NULL
) ENGINE=InnoDB DEFAULT CHARSET=utf8mb4 COLLATE=utf8mb4_unicode_ci;

--
-- Dumping data for table `task_reviews`
--

INSERT INTO `task_reviews` (`id`, `task_id`, `contracted_client_id`, `reviewer_user_id`, `rating`, `feedback_tags`, `review_text`, `metadata`, `created_at`, `updated_at`) VALUES
(1, 9, 2, 20, 5, '[\"professional\",\"thorough\",\"skilled\",\"friendly\"]', 'good will book again', '{\"task_description\":\"Departure\",\"location_name\":\"Panimo Cabins #2\",\"scheduled_date\":\"2026-02-04\",\"submitted_at\":\"2026-02-04T05:18:59+02:00\"}', '2026-02-03 21:18:59', '2026-02-03 21:18:59');

-- --------------------------------------------------------

--
-- Table structure for table `team_members`
--

CREATE TABLE `team_members` (
  `id` bigint(20) UNSIGNED NOT NULL,
  `daily_team_id` bigint(20) UNSIGNED NOT NULL,
  `employee_id` bigint(20) UNSIGNED NOT NULL,
  `created_at` timestamp NULL DEFAULT NULL,
  `updated_at` timestamp NULL DEFAULT NULL
) ENGINE=InnoDB DEFAULT CHARSET=utf8mb4 COLLATE=utf8mb4_unicode_ci;

-- --------------------------------------------------------

--
-- Table structure for table `training_videos`
--

CREATE TABLE `training_videos` (
  `id` bigint(20) UNSIGNED NOT NULL,
  `category` varchar(255) NOT NULL,
  `title` varchar(255) NOT NULL,
  `title_fi` varchar(255) DEFAULT NULL,
  `description` text DEFAULT NULL,
  `description_fi` text DEFAULT NULL,
  `video_id` varchar(255) NOT NULL,
  `platform` varchar(255) NOT NULL DEFAULT 'youtube',
  `duration` varchar(255) DEFAULT NULL,
  `required` tinyint(1) NOT NULL DEFAULT 0,
  `thumbnail_url` varchar(255) DEFAULT NULL,
  `sort_order` int(11) NOT NULL DEFAULT 0,
  `is_active` tinyint(1) NOT NULL DEFAULT 1,
  `created_at` timestamp NULL DEFAULT NULL,
  `updated_at` timestamp NULL DEFAULT NULL
) ENGINE=InnoDB DEFAULT CHARSET=utf8mb4 COLLATE=utf8mb4_unicode_ci;

--
-- Dumping data for table `training_videos`
--

INSERT INTO `training_videos` (`id`, `category`, `title`, `title_fi`, `description`, `description_fi`, `video_id`, `platform`, `duration`, `required`, `thumbnail_url`, `sort_order`, `is_active`, `created_at`, `updated_at`) VALUES
(1, 'cleaning_techniques', 'Professional Floor Mopping Techniques', 'Ammattimaiset lattian moppaustekniikat', 'Learn the proper techniques for mopping different floor types effectively while maintaining safety standards.', 'Opi oikeat tekniikat erilaisten lattiapintojen moppaamiseen tehokkaasti turvallisuusstandardeja noudattaen.', 'ZXsQAXx_ao0', 'youtube', '5:30', 1, NULL, 1, 1, '2026-02-03 18:50:30', '2026-02-03 18:50:30'),
(2, 'cleaning_techniques', 'Window Cleaning Best Practices', 'Ikkunanpesun parhaat kytnnt', 'Master streak-free window cleaning using professional tools and techniques.', 'Hallitse raidattoman ikkunanpesun ammattilaistykaluilla ja -tekniikoilla.', 'jNQXAC9IVRw', 'youtube', '7:15', 0, NULL, 2, 1, '2026-02-03 18:50:30', '2026-02-03 18:50:30'),
(3, 'cleaning_techniques', 'Stain Removal Guide', 'Tahranpoistoopas', 'Comprehensive guide to removing various types of stains from different surfaces.', 'Kattava opas erilaisten tahrojen poistamiseen eri pinnoilta.', '9bZkp7q19f0', 'youtube', '8:45', 1, NULL, 3, 1, '2026-02-03 18:50:30', '2026-02-03 18:50:30'),
(4, 'body_safety', 'Proper Lifting Techniques', 'Oikeat nostotekniikat', 'Learn how to lift heavy objects safely to prevent back injuries and strain.', 'Opi nostamaan raskaita esineit turvallisesti selkvammojen ja rasituksen vlttmiseksi.', 'kJQP7kiw5Fk', 'youtube', '4:20', 1, NULL, 1, 1, '2026-02-03 18:50:30', '2026-02-03 18:50:30'),
(5, 'body_safety', 'Ergonomic Cleaning Postures', 'Ergonomiset siivousasennot', 'Maintain proper posture while cleaning to reduce fatigue and prevent injuries.', 'Silyt oikea ryhti siivouksen aikana vsymyksen vhentmiseksi ja vammojen ehkisemiseksi.', 'fJ9rUzIMcZQ', 'youtube', '6:00', 1, NULL, 2, 1, '2026-02-03 18:50:30', '2026-02-03 18:50:30'),
(6, 'body_safety', 'Personal Protective Equipment (PPE)', 'Henkilnsuojaimet (PPE)', 'Understanding when and how to use personal protective equipment properly.', 'Ymmrr milloin ja miten henkilnsuojaimia kytetn oikein.', 'JGwWNGJdvx8', 'youtube', '5:45', 1, NULL, 3, 1, '2026-02-03 18:50:30', '2026-02-03 18:50:30'),
(7, 'hazard_prevention', 'Slip and Fall Prevention', 'Liukastumis- ja kaatumisonnettomuuksien ehkisy', 'Identify and prevent common slip and fall hazards in the workplace.', 'Tunnista ja ehkise yleisi liukastumis- ja kaatumisriskej typaikalla.', 'OPf0YbXqDm0', 'youtube', '5:15', 1, NULL, 1, 1, '2026-02-03 18:50:30', '2026-02-03 18:50:30'),
(8, 'hazard_prevention', 'Electrical Safety Basics', 'Shkturvallisuuden perusteet', 'Essential electrical safety knowledge for cleaning professionals.', 'Olennainen shkturvallisuustieto siivousalan ammattilaisille.', 'CevxZvSJLk8', 'youtube', '4:30', 0, NULL, 2, 1, '2026-02-03 18:50:30', '2026-02-03 18:50:30'),
(9, 'hazard_prevention', 'Emergency Procedures', 'Httoimenpiteet', 'Know what to do in case of emergencies including fire, medical, and evacuation.', 'Tied mit tehd httilanteissa, mukaan lukien tulipalot, lketieteelliset tilanteet ja evakuoinnit.', 'hT_nvWreIhg', 'youtube', '7:30', 1, NULL, 3, 1, '2026-02-03 18:50:30', '2026-02-03 18:50:30'),
(10, 'chemical_safety', 'Safe Handling of Cleaning Chemicals', 'Puhdistuskemikaalien turvallinen ksittely', 'Learn how to safely handle, store, and dispose of cleaning chemicals.', 'Opi ksittelemn, silyttmn ja hvittmn puhdistuskemikaaleja turvallisesti.', 'RgKAFK5djSk', 'youtube', '6:45', 1, NULL, 1, 1, '2026-02-03 18:50:30', '2026-02-03 18:50:30'),
(11, 'chemical_safety', 'Reading Chemical Labels (SDS)', 'Kemikaalimerkkien lukeminen (SDS)', 'Understanding Safety Data Sheets and chemical warning labels.', 'Kyttturvallisuustiedotteiden ja kemiallisten varoitusmerkkien ymmrtminen.', 'e-ORhEE9VVg', 'youtube', '5:00', 1, NULL, 2, 1, '2026-02-03 18:50:30', '2026-02-03 18:50:30'),
(12, 'chemical_safety', 'Chemical Mixing Safety', 'Kemikaalien sekoitusturvallisuus', 'Learn which chemicals should never be mixed and why.', 'Opi mit kemikaaleja ei saa koskaan sekoittaa ja miksi.', 'lp-EO5I60KA', 'youtube', '4:15', 1, NULL, 3, 1, '2026-02-03 18:50:30', '2026-02-03 18:50:30');

-- --------------------------------------------------------

--
-- Table structure for table `users`
--

CREATE TABLE `users` (
  `id` bigint(20) UNSIGNED NOT NULL,
  `name` varchar(255) NOT NULL,
  `username` varchar(255) DEFAULT NULL,
  `email` varchar(255) NOT NULL,
  `profile_picture` varchar(255) DEFAULT NULL,
  `phone` varchar(255) DEFAULT NULL,
  `location` varchar(255) DEFAULT NULL,
  `email_verified_at` timestamp NULL DEFAULT NULL,
  `password` varchar(255) NOT NULL,
  `role` enum('admin','employee','external_client','company') NOT NULL,
  `remember_token` varchar(100) DEFAULT NULL,
  `is_active` tinyint(1) NOT NULL DEFAULT 1,
  `created_at` timestamp NULL DEFAULT NULL,
  `updated_at` timestamp NULL DEFAULT NULL,
  `deleted_at` timestamp NULL DEFAULT NULL
) ENGINE=InnoDB DEFAULT CHARSET=utf8mb4 COLLATE=utf8mb4_unicode_ci;

--
-- Dumping data for table `users`
--

INSERT INTO `users` (`id`, `name`, `username`, `email`, `profile_picture`, `phone`, `location`, `email_verified_at`, `password`, `role`, `remember_token`, `is_active`, `created_at`, `updated_at`, `deleted_at`) VALUES
(1, 'Admin', 'admin', 'admin@opticrew.com', 'profile_pictures/kMkdVeDfYpYvi9nC94Ohceut2lk14HMFnmgEqVXg.jpg', '+358 40 123 4567', 'Inari, Finland', NULL, '$2y$10$C/Y15/YOU5NHpf0zFtpsDO6RL2R.HMjTRi3C2rfA0eizMVOwEBvq2', 'admin', NULL, 1, '2025-10-02 10:51:46', '2025-10-24 22:42:28', NULL),
(2, 'Vincent Rey Digol', 'vince123', 'vincentreydigol@finnoys.com', 'profile_pictures/IDMjQjtw1oK4v43oJLaET1NlUk863qV9mMM0mFgh.png', '+358 40 123 4567', 'Inari, Finland', NULL, '$2y$10$oo44Ffamrr.hoI349F5rzOVkuiDEKbKNHX9Q/DFlZRNLOSCSKYBCW', 'employee', NULL, 1, '2025-10-02 10:51:46', '2025-10-28 18:24:13', NULL),
(3, 'Martin Yvann Leonardo', 'martin123', 'martinyvannleonardo@finnoys.com', NULL, '+358 40 123 4567', 'Inari, Finland', NULL, '$2y$10$fEn6ftE4hV6qwLE6Pu7i5uTTpwHeEKyXtviZ7oTI7mh2hKzE660GS', 'employee', NULL, 1, '2025-10-02 10:51:46', '2025-10-24 22:42:00', NULL),
(4, 'Earl Leonardo', NULL, 'earlleonardo@finnoys.com', NULL, NULL, NULL, NULL, '$2y$10$UyZcyuwzjz1SrB6dPNZ3J.hCGWcCJ9ixAA0NP59Y7n9tkR/1JGdDW', 'employee', NULL, 1, '2025-10-02 10:51:46', '2025-10-02 10:51:46', NULL),
(5, 'Merlyn Guzman', NULL, 'merlynguzman@finnoys.com', 'profile_pictures/WG6Bb2Nyls3YKAPu0wLSGdAMA2Vk5ysLMqlSEyhr.jpg', '+358 40 123 4567', 'Inari, Finland', NULL, '$2y$10$KpT8QxYAqhp9HwVke31Wz.TEFENNoGFJQFdjhKUyyDJnFccFetEBi', 'employee', NULL, 1, '2025-10-02 10:51:46', '2025-10-25 04:04:23', NULL),
(6, 'Aries Guzman', NULL, 'ariesguzman@finnoys.com', NULL, NULL, NULL, NULL, '$2y$10$h85peir4XiLSdbJKuonExOoegZi/SBqQRGQ0xSYR5CzaERjEa2N3S', 'employee', NULL, 1, '2025-10-02 10:51:46', '2025-10-02 10:51:46', NULL),
(7, 'Bella Ostan', NULL, 'bellaostan@finnoys.com', NULL, NULL, NULL, NULL, '$2y$10$Zwd38lfJ4T5iG8JVXSxhBusbyZG/V4UWW8CePueSyXBh/IsY9D2Ju', 'employee', NULL, 1, '2025-10-02 10:51:46', '2025-10-02 10:51:46', NULL),
(8, 'Jennylyn Saballero', NULL, 'jennylynsaballero@finnoys.com', NULL, NULL, NULL, NULL, '$2y$10$zFxo49djPY3wMpN51qiYiOVxkkofeQ0RYRROfaphiP.cfs5BvHMQq', 'employee', NULL, 1, '2025-10-02 10:51:46', '2025-10-02 10:51:46', NULL),
(9, 'Rizza Estrella ', NULL, 'rizzaestrella@finnoys.com', NULL, NULL, NULL, NULL, '$2y$10$eH52zyHzV/ka6DJ1I/jIEegO6v7Bhtz3X6Tu51W7qzOCzg3.weuBy', 'employee', NULL, 1, '2025-10-02 10:51:46', '2025-10-02 10:51:46', NULL),
(10, 'Cherrylyn Morales ', NULL, 'cherrylynmorales@finnoys.com', NULL, NULL, NULL, NULL, '$2y$10$1swK95thyuDIKhCj1CDFJ.T591GF9ysJ4KvKJRaTfAiV7QTdU9Yaa', 'employee', NULL, 1, '2025-10-02 10:51:46', '2025-10-02 10:51:46', NULL),
(11, 'John Carl Morales', NULL, 'johncarlmorales@finnoys.com', NULL, NULL, NULL, NULL, '$2y$10$rLfpy6PWrrJYqVOkZUyFa.cLOLrTwLbKfkdp7tAS/vLQUotLTYOhi', 'employee', NULL, 1, '2025-10-02 10:51:46', '2025-10-02 10:51:46', NULL),
(12, 'John Kevin Morales', NULL, 'johnkevinmorales@finnoys.com', NULL, NULL, NULL, NULL, '$2y$10$/CV5zvi4rk3qSqg6JuYsme9FU7O06qgGq2eKBtDTSJXGhSPRAUAt.', 'employee', NULL, 1, '2025-10-02 10:51:46', '2025-10-02 10:51:46', NULL),
(17, 'Miradel Leonardo', 'mira123', 'miradel@gmail.com', NULL, '0401234567', 'Inari, Finland', NULL, '$2y$10$ogpFC.oYTxztWlLor7uXaecaHk9TA6jOrwk3DIOIt5TTQFAjFFB0C', 'external_client', 'JKByX8lUV6wGDkojeQw622DCRSgUgz5MIIMTRxsf3Nk6MC7F1XTH56ja0gR0', 1, '2025-10-25 23:09:50', '2025-10-27 04:19:57', NULL),
(19, 'Kakslauttanen', 'kakslauttanen', 'kakslauttanen@company.com', NULL, '+358 00 000 0000', NULL, '2025-10-28 23:25:47', '$2y$10$caOzaZwOF315fH011mFFJegP0nJTHhXbHzXguXH/92NwCTh/zCx0y', 'company', NULL, 1, '2025-10-28 23:25:47', '2025-10-28 23:25:47', NULL),
(20, 'Aikamatkat', 'aikamatkat', 'aikamatkat@company.com', NULL, '+358 00 000 0000', NULL, '2025-10-28 23:25:47', '$2y$10$UyZcyuwzjz1SrB6dPNZ3J.hCGWcCJ9ixAA0NP59Y7n9tkR/1JGdDW', 'company', NULL, 1, '2025-10-28 23:25:47', '2025-10-28 23:25:47', NULL);

--
-- Indexes for dumped tables
--

--
-- Indexes for table `alerts`
--
ALTER TABLE `alerts`
  ADD PRIMARY KEY (`id`),
  ADD KEY `alerts_acknowledged_by_foreign` (`acknowledged_by`),
  ADD KEY `alerts_task_id_alert_type_index` (`task_id`,`alert_type`);

--
-- Indexes for table `attendances`
--
ALTER TABLE `attendances`
  ADD PRIMARY KEY (`id`),
  ADD UNIQUE KEY `unique_employee_clock_in` (`employee_id`,`clock_in`),
  ADD KEY `attendances_employee_id_foreign` (`employee_id`);

--
-- Indexes for table `cars`
--
ALTER TABLE `cars`
  ADD PRIMARY KEY (`id`);

--
-- Indexes for table `checklist_categories`
--
ALTER TABLE `checklist_categories`
  ADD PRIMARY KEY (`id`),
  ADD KEY `checklist_categories_checklist_id_foreign` (`checklist_id`);

--
-- Indexes for table `checklist_items`
--
ALTER TABLE `checklist_items`
  ADD PRIMARY KEY (`id`),
  ADD KEY `checklist_items_category_id_foreign` (`category_id`);

--
-- Indexes for table `clients`
--
ALTER TABLE `clients`
  ADD PRIMARY KEY (`id`),
  ADD KEY `clients_user_id_foreign` (`user_id`);

--
-- Indexes for table `client_appointments`
--
ALTER TABLE `client_appointments`
  ADD PRIMARY KEY (`id`),
  ADD KEY `client_appointments_assigned_team_id_foreign` (`assigned_team_id`),
  ADD KEY `client_appointments_recommended_team_id_foreign` (`recommended_team_id`),
  ADD KEY `client_appointments_approved_by_foreign` (`approved_by`),
  ADD KEY `client_appointments_rejected_by_foreign` (`rejected_by`),
  ADD KEY `idx_appointments_service_date` (`service_date`),
  ADD KEY `idx_appointments_client_id` (`client_id`),
  ADD KEY `idx_appointments_status` (`status`);

--
-- Indexes for table `company_checklists`
--
ALTER TABLE `company_checklists`
  ADD PRIMARY KEY (`id`),
  ADD KEY `company_checklists_contracted_client_id_foreign` (`contracted_client_id`);

--
-- Indexes for table `company_settings`
--
ALTER TABLE `company_settings`
  ADD PRIMARY KEY (`id`),
  ADD UNIQUE KEY `company_settings_key_unique` (`key`);

--
-- Indexes for table `contracted_clients`
--
ALTER TABLE `contracted_clients`
  ADD PRIMARY KEY (`id`),
  ADD UNIQUE KEY `contracted_clients_name_unique` (`name`),
  ADD UNIQUE KEY `name` (`name`),
  ADD KEY `contracted_clients_user_id_foreign` (`user_id`);

--
-- Indexes for table `daily_team_assignments`
--
ALTER TABLE `daily_team_assignments`
  ADD PRIMARY KEY (`id`),
  ADD KEY `daily_team_assignments_car_id_foreign` (`car_id`),
  ADD KEY `daily_team_assignments_contracted_client_id_foreign` (`contracted_client_id`);

--
-- Indexes for table `day_offs`
--
ALTER TABLE `day_offs`
  ADD PRIMARY KEY (`id`),
  ADD KEY `day_offs_employee_id_foreign` (`employee_id`),
  ADD KEY `day_offs_date_index` (`date`);

--
-- Indexes for table `employees`
--
ALTER TABLE `employees`
  ADD PRIMARY KEY (`id`),
  ADD KEY `idx_employees_user_id` (`user_id`),
  ADD KEY `idx_employees_deleted_at` (`deleted_at`),
  ADD KEY `idx_employees_is_active` (`is_active`),
  ADD KEY `employees_user_id_foreign` (`user_id`);

--
-- Indexes for table `employee_performance`
--
ALTER TABLE `employee_performance`
  ADD PRIMARY KEY (`id`),
  ADD UNIQUE KEY `employee_performance_employee_id_date_unique` (`employee_id`,`date`),
  ADD KEY `employee_performance_date_index` (`date`);

--
-- Indexes for table `employee_watched_videos`
--
ALTER TABLE `employee_watched_videos`
  ADD PRIMARY KEY (`id`),
  ADD UNIQUE KEY `employee_watched_videos_user_id_training_video_id_unique` (`user_id`,`training_video_id`),
  ADD KEY `employee_watched_videos_training_video_id_foreign` (`training_video_id`);

--
-- Indexes for table `feedback`
--
ALTER TABLE `feedback`
  ADD PRIMARY KEY (`id`),
  ADD KEY `feedback_client_id_foreign` (`client_id`);

--
-- Indexes for table `holidays`
--
ALTER TABLE `holidays`
  ADD PRIMARY KEY (`id`),
  ADD UNIQUE KEY `holidays_date_unique` (`date`),
  ADD UNIQUE KEY `unique_holiday_date` (`date`),
  ADD KEY `holidays_created_by_foreign` (`created_by`);

--
-- Indexes for table `invalid_tasks`
--
ALTER TABLE `invalid_tasks`
  ADD PRIMARY KEY (`id`),
  ADD KEY `invalid_tasks_optimization_run_id_index` (`optimization_run_id`),
  ADD KEY `invalid_tasks_task_id_index` (`task_id`);

--
-- Indexes for table `jobs`
--
ALTER TABLE `jobs`
  ADD PRIMARY KEY (`id`),
  ADD KEY `jobs_queue_index` (`queue`);

--
-- Indexes for table `job_applications`
--
ALTER TABLE `job_applications`
  ADD PRIMARY KEY (`id`);

--
-- Indexes for table `locations`
--
ALTER TABLE `locations`
  ADD PRIMARY KEY (`id`),
  ADD KEY `locations_contracted_client_id_foreign` (`contracted_client_id`);

--
-- Indexes for table `migrations`
--
ALTER TABLE `migrations`
  ADD PRIMARY KEY (`id`);

--
-- Indexes for table `notifications`
--
ALTER TABLE `notifications`
  ADD PRIMARY KEY (`id`),
  ADD KEY `notifications_user_id_read_at_index` (`user_id`,`read_at`);

--
-- Indexes for table `optimization_generations`
--
ALTER TABLE `optimization_generations`
  ADD PRIMARY KEY (`id`),
  ADD KEY `opt_gen_run_gen_idx` (`optimization_run_id`,`generation_number`);

--
-- Indexes for table `optimization_runs`
--
ALTER TABLE `optimization_runs`
  ADD PRIMARY KEY (`id`),
  ADD KEY `optimization_runs_triggered_by_task_id_foreign` (`triggered_by_task_id`);

--
-- Indexes for table `optimization_teams`
--
ALTER TABLE `optimization_teams`
  ADD PRIMARY KEY (`id`),
  ADD KEY `idx_opt_teams_run_id` (`optimization_run_id`),
  ADD KEY `optimization_teams_optimization_run_id_service_date_index` (`optimization_run_id`,`service_date`),
  ADD KEY `optimization_teams_what_if_scenario_id_index` (`what_if_scenario_id`),
  ADD KEY `optimization_teams_car_id_foreign` (`car_id`);

--
-- Indexes for table `optimization_team_members`
--
ALTER TABLE `optimization_team_members`
  ADD PRIMARY KEY (`id`),
  ADD UNIQUE KEY `unique_team_member` (`optimization_team_id`,`employee_id`),
  ADD UNIQUE KEY `team_employee_unique` (`optimization_team_id`,`employee_id`),
  ADD KEY `idx_opt_members_team_id` (`optimization_team_id`),
  ADD KEY `idx_opt_members_employee_id` (`employee_id`),
  ADD KEY `optimization_team_members_employee_id_index` (`employee_id`);

--
-- Indexes for table `performance_flags`
--
ALTER TABLE `performance_flags`
  ADD PRIMARY KEY (`id`),
  ADD KEY `performance_flags_employee_id_foreign` (`employee_id`),
  ADD KEY `performance_flags_reviewed_by_foreign` (`reviewed_by`),
  ADD KEY `performance_flags_task_id_flag_type_index` (`task_id`,`flag_type`),
  ADD KEY `performance_flags_reviewed_index` (`reviewed`);

--
-- Indexes for table `personal_access_tokens`
--
ALTER TABLE `personal_access_tokens`
  ADD PRIMARY KEY (`id`),
  ADD UNIQUE KEY `personal_access_tokens_token_unique` (`token`),
  ADD KEY `personal_access_tokens_tokenable_type_tokenable_id_index` (`tokenable_type`,`tokenable_id`);

--
-- Indexes for table `push_tokens`
--
ALTER TABLE `push_tokens`
  ADD PRIMARY KEY (`id`),
  ADD UNIQUE KEY `push_tokens_token_unique` (`token`),
  ADD KEY `push_tokens_user_id_is_active_index` (`user_id`,`is_active`);

--
-- Indexes for table `quotations`
--
ALTER TABLE `quotations`
  ADD PRIMARY KEY (`id`),
  ADD KEY `quotations_reviewed_by_foreign` (`reviewed_by`),
  ADD KEY `quotations_quoted_by_foreign` (`quoted_by`),
  ADD KEY `quotations_appointment_id_foreign` (`appointment_id`),
  ADD KEY `quotations_converted_by_foreign` (`converted_by`),
  ADD KEY `quotations_booking_type_index` (`booking_type`),
  ADD KEY `quotations_status_index` (`status`),
  ADD KEY `quotations_email_index` (`email`),
  ADD KEY `quotations_created_at_index` (`created_at`);

--
-- Indexes for table `scenario_analyses`
--
ALTER TABLE `scenario_analyses`
  ADD PRIMARY KEY (`id`),
  ADD KEY `scenario_analyses_service_date_scenario_type_index` (`service_date`,`scenario_type`);

--
-- Indexes for table `tasks`
--
ALTER TABLE `tasks`
  ADD PRIMARY KEY (`id`),
  ADD KEY `tasks_optimization_run_id_foreign` (`optimization_run_id`),
  ADD KEY `idx_tasks_scheduled_date` (`scheduled_date`),
  ADD KEY `idx_tasks_deleted_at` (`deleted_at`),
  ADD KEY `idx_tasks_assigned_team_id` (`assigned_team_id`),
  ADD KEY `idx_tasks_location_id` (`location_id`),
  ADD KEY `idx_tasks_client_id` (`client_id`),
  ADD KEY `idx_tasks_scheduled_deleted` (`scheduled_date`,`deleted_at`),
  ADD KEY `tasks_location_id_foreign` (`location_id`),
  ADD KEY `tasks_client_id_foreign` (`client_id`),
  ADD KEY `tasks_assigned_team_id_foreign` (`assigned_team_id`);

--
-- Indexes for table `task_checklist_completions`
--
ALTER TABLE `task_checklist_completions`
  ADD PRIMARY KEY (`id`),
  ADD UNIQUE KEY `task_checklist_completions_task_id_checklist_item_id_unique` (`task_id`,`checklist_item_id`),
  ADD KEY `task_checklist_completions_checklist_item_id_foreign` (`checklist_item_id`),
  ADD KEY `task_checklist_completions_completed_by_foreign` (`completed_by`);

--
-- Indexes for table `task_reviews`
--
ALTER TABLE `task_reviews`
  ADD PRIMARY KEY (`id`),
  ADD UNIQUE KEY `task_reviews_task_id_contracted_client_id_unique` (`task_id`,`contracted_client_id`),
  ADD KEY `task_reviews_reviewer_user_id_foreign` (`reviewer_user_id`),
  ADD KEY `task_reviews_rating_index` (`rating`),
  ADD KEY `task_reviews_contracted_client_id_index` (`contracted_client_id`),
  ADD KEY `task_reviews_created_at_index` (`created_at`);

--
-- Indexes for table `team_members`
--
ALTER TABLE `team_members`
  ADD PRIMARY KEY (`id`),
  ADD KEY `team_members_daily_team_id_foreign` (`daily_team_id`),
  ADD KEY `team_members_employee_id_foreign` (`employee_id`);

--
-- Indexes for table `training_videos`
--
ALTER TABLE `training_videos`
  ADD PRIMARY KEY (`id`);

--
-- Indexes for table `users`
--
ALTER TABLE `users`
  ADD PRIMARY KEY (`id`),
  ADD UNIQUE KEY `users_email_unique` (`email`),
  ADD UNIQUE KEY `email` (`email`),
  ADD UNIQUE KEY `users_username_unique` (`username`),
  ADD UNIQUE KEY `username` (`username`),
  ADD KEY `idx_users_role` (`role`),
  ADD KEY `idx_users_deleted_at` (`deleted_at`),
  ADD KEY `idx_users_role_deleted` (`role`,`deleted_at`);

--
-- AUTO_INCREMENT for dumped tables
--

--
-- AUTO_INCREMENT for table `alerts`
--
ALTER TABLE `alerts`
  MODIFY `id` bigint(20) UNSIGNED NOT NULL AUTO_INCREMENT;

--
-- AUTO_INCREMENT for table `attendances`
--
ALTER TABLE `attendances`
  MODIFY `id` bigint(20) UNSIGNED NOT NULL AUTO_INCREMENT, AUTO_INCREMENT=2068;

--
-- AUTO_INCREMENT for table `cars`
--
ALTER TABLE `cars`
  MODIFY `id` bigint(20) UNSIGNED NOT NULL AUTO_INCREMENT, AUTO_INCREMENT=4;

--
-- AUTO_INCREMENT for table `checklist_categories`
--
ALTER TABLE `checklist_categories`
  MODIFY `id` bigint(20) UNSIGNED NOT NULL AUTO_INCREMENT, AUTO_INCREMENT=3;

--
-- AUTO_INCREMENT for table `checklist_items`
--
ALTER TABLE `checklist_items`
  MODIFY `id` bigint(20) UNSIGNED NOT NULL AUTO_INCREMENT, AUTO_INCREMENT=3;

--
-- AUTO_INCREMENT for table `clients`
--
ALTER TABLE `clients`
  MODIFY `id` bigint(20) UNSIGNED NOT NULL AUTO_INCREMENT, AUTO_INCREMENT=9;

--
-- AUTO_INCREMENT for table `client_appointments`
--
ALTER TABLE `client_appointments`
  MODIFY `id` bigint(20) UNSIGNED NOT NULL AUTO_INCREMENT;

--
-- AUTO_INCREMENT for table `company_checklists`
--
ALTER TABLE `company_checklists`
  MODIFY `id` bigint(20) UNSIGNED NOT NULL AUTO_INCREMENT, AUTO_INCREMENT=2;

--
-- AUTO_INCREMENT for table `company_settings`
--
ALTER TABLE `company_settings`
  MODIFY `id` bigint(20) UNSIGNED NOT NULL AUTO_INCREMENT, AUTO_INCREMENT=4;

--
-- AUTO_INCREMENT for table `contracted_clients`
--
ALTER TABLE `contracted_clients`
  MODIFY `id` bigint(20) UNSIGNED NOT NULL AUTO_INCREMENT, AUTO_INCREMENT=3;

--
-- AUTO_INCREMENT for table `daily_team_assignments`
--
ALTER TABLE `daily_team_assignments`
  MODIFY `id` bigint(20) UNSIGNED NOT NULL AUTO_INCREMENT;

--
-- AUTO_INCREMENT for table `day_offs`
--
ALTER TABLE `day_offs`
  MODIFY `id` bigint(20) UNSIGNED NOT NULL AUTO_INCREMENT;

--
-- AUTO_INCREMENT for table `employees`
--
ALTER TABLE `employees`
  MODIFY `id` bigint(20) UNSIGNED NOT NULL AUTO_INCREMENT, AUTO_INCREMENT=12;

--
-- AUTO_INCREMENT for table `employee_performance`
--
ALTER TABLE `employee_performance`
  MODIFY `id` bigint(20) UNSIGNED NOT NULL AUTO_INCREMENT;

--
-- AUTO_INCREMENT for table `employee_watched_videos`
--
ALTER TABLE `employee_watched_videos`
  MODIFY `id` bigint(20) UNSIGNED NOT NULL AUTO_INCREMENT;

--
-- AUTO_INCREMENT for table `feedback`
--
ALTER TABLE `feedback`
  MODIFY `id` bigint(20) UNSIGNED NOT NULL AUTO_INCREMENT;

--
-- AUTO_INCREMENT for table `holidays`
--
ALTER TABLE `holidays`
  MODIFY `id` bigint(20) UNSIGNED NOT NULL AUTO_INCREMENT, AUTO_INCREMENT=8;

--
-- AUTO_INCREMENT for table `invalid_tasks`
--
ALTER TABLE `invalid_tasks`
  MODIFY `id` bigint(20) UNSIGNED NOT NULL AUTO_INCREMENT;

--
-- AUTO_INCREMENT for table `jobs`
--
ALTER TABLE `jobs`
  MODIFY `id` bigint(20) UNSIGNED NOT NULL AUTO_INCREMENT;

--
-- AUTO_INCREMENT for table `job_applications`
--
ALTER TABLE `job_applications`
  MODIFY `id` bigint(20) UNSIGNED NOT NULL AUTO_INCREMENT, AUTO_INCREMENT=2;

--
-- AUTO_INCREMENT for table `locations`
--
ALTER TABLE `locations`
  MODIFY `id` bigint(20) UNSIGNED NOT NULL AUTO_INCREMENT, AUTO_INCREMENT=84;

--
-- AUTO_INCREMENT for table `migrations`
--
ALTER TABLE `migrations`
  MODIFY `id` int(10) UNSIGNED NOT NULL AUTO_INCREMENT, AUTO_INCREMENT=54;

--
-- AUTO_INCREMENT for table `notifications`
--
ALTER TABLE `notifications`
  MODIFY `id` bigint(20) UNSIGNED NOT NULL AUTO_INCREMENT;

--
-- AUTO_INCREMENT for table `optimization_generations`
--
ALTER TABLE `optimization_generations`
  MODIFY `id` bigint(20) UNSIGNED NOT NULL AUTO_INCREMENT;

--
-- AUTO_INCREMENT for table `optimization_runs`
--
ALTER TABLE `optimization_runs`
  MODIFY `id` bigint(20) UNSIGNED NOT NULL AUTO_INCREMENT, AUTO_INCREMENT=10;

--
-- AUTO_INCREMENT for table `optimization_teams`
--
ALTER TABLE `optimization_teams`
  MODIFY `id` bigint(20) UNSIGNED NOT NULL AUTO_INCREMENT, AUTO_INCREMENT=33;

--
-- AUTO_INCREMENT for table `optimization_team_members`
--
ALTER TABLE `optimization_team_members`
  MODIFY `id` bigint(20) UNSIGNED NOT NULL AUTO_INCREMENT, AUTO_INCREMENT=73;

--
-- AUTO_INCREMENT for table `performance_flags`
--
ALTER TABLE `performance_flags`
  MODIFY `id` bigint(20) UNSIGNED NOT NULL AUTO_INCREMENT;

--
-- AUTO_INCREMENT for table `personal_access_tokens`
--
ALTER TABLE `personal_access_tokens`
  MODIFY `id` bigint(20) UNSIGNED NOT NULL AUTO_INCREMENT, AUTO_INCREMENT=9;

--
-- AUTO_INCREMENT for table `push_tokens`
--
ALTER TABLE `push_tokens`
  MODIFY `id` bigint(20) UNSIGNED NOT NULL AUTO_INCREMENT;

--
-- AUTO_INCREMENT for table `quotations`
--
ALTER TABLE `quotations`
  MODIFY `id` bigint(20) UNSIGNED NOT NULL AUTO_INCREMENT;

--
-- AUTO_INCREMENT for table `scenario_analyses`
--
ALTER TABLE `scenario_analyses`
  MODIFY `id` bigint(20) UNSIGNED NOT NULL AUTO_INCREMENT;

--
-- AUTO_INCREMENT for table `tasks`
--
ALTER TABLE `tasks`
  MODIFY `id` bigint(20) UNSIGNED NOT NULL AUTO_INCREMENT, AUTO_INCREMENT=16;

--
-- AUTO_INCREMENT for table `task_checklist_completions`
--
ALTER TABLE `task_checklist_completions`
  MODIFY `id` bigint(20) UNSIGNED NOT NULL AUTO_INCREMENT, AUTO_INCREMENT=5;

--
-- AUTO_INCREMENT for table `task_reviews`
--
ALTER TABLE `task_reviews`
  MODIFY `id` bigint(20) UNSIGNED NOT NULL AUTO_INCREMENT, AUTO_INCREMENT=2;

--
-- AUTO_INCREMENT for table `team_members`
--
ALTER TABLE `team_members`
  MODIFY `id` bigint(20) UNSIGNED NOT NULL AUTO_INCREMENT;

--
-- AUTO_INCREMENT for table `training_videos`
--
ALTER TABLE `training_videos`
  MODIFY `id` bigint(20) UNSIGNED NOT NULL AUTO_INCREMENT, AUTO_INCREMENT=13;

--
-- AUTO_INCREMENT for table `users`
--
ALTER TABLE `users`
  MODIFY `id` bigint(20) UNSIGNED NOT NULL AUTO_INCREMENT, AUTO_INCREMENT=21;

--
-- Constraints for dumped tables
--

--
-- Constraints for table `alerts`
--
ALTER TABLE `alerts`
  ADD CONSTRAINT `alerts_acknowledged_by_foreign` FOREIGN KEY (`acknowledged_by`) REFERENCES `users` (`id`),
  ADD CONSTRAINT `alerts_task_id_foreign` FOREIGN KEY (`task_id`) REFERENCES `tasks` (`id`) ON DELETE CASCADE;

--
-- Constraints for table `attendances`
--
ALTER TABLE `attendances`
  ADD CONSTRAINT `attendances_employee_id_foreign` FOREIGN KEY (`employee_id`) REFERENCES `employees` (`id`) ON DELETE CASCADE;

--
-- Constraints for table `checklist_categories`
--
ALTER TABLE `checklist_categories`
  ADD CONSTRAINT `checklist_categories_checklist_id_foreign` FOREIGN KEY (`checklist_id`) REFERENCES `company_checklists` (`id`) ON DELETE CASCADE;

--
-- Constraints for table `checklist_items`
--
ALTER TABLE `checklist_items`
  ADD CONSTRAINT `checklist_items_category_id_foreign` FOREIGN KEY (`category_id`) REFERENCES `checklist_categories` (`id`) ON DELETE CASCADE;

--
-- Constraints for table `clients`
--
ALTER TABLE `clients`
  ADD CONSTRAINT `clients_user_id_foreign` FOREIGN KEY (`user_id`) REFERENCES `users` (`id`) ON DELETE CASCADE;

--
-- Constraints for table `client_appointments`
--
ALTER TABLE `client_appointments`
  ADD CONSTRAINT `client_appointments_approved_by_foreign` FOREIGN KEY (`approved_by`) REFERENCES `users` (`id`) ON DELETE SET NULL,
  ADD CONSTRAINT `client_appointments_assigned_team_id_foreign` FOREIGN KEY (`assigned_team_id`) REFERENCES `optimization_teams` (`id`) ON DELETE SET NULL,
  ADD CONSTRAINT `client_appointments_client_id_foreign` FOREIGN KEY (`client_id`) REFERENCES `clients` (`id`) ON DELETE CASCADE,
  ADD CONSTRAINT `client_appointments_recommended_team_id_foreign` FOREIGN KEY (`recommended_team_id`) REFERENCES `optimization_teams` (`id`) ON DELETE SET NULL,
  ADD CONSTRAINT `client_appointments_rejected_by_foreign` FOREIGN KEY (`rejected_by`) REFERENCES `users` (`id`) ON DELETE SET NULL;

--
-- Constraints for table `company_checklists`
--
ALTER TABLE `company_checklists`
  ADD CONSTRAINT `company_checklists_contracted_client_id_foreign` FOREIGN KEY (`contracted_client_id`) REFERENCES `contracted_clients` (`id`) ON DELETE CASCADE;

--
-- Constraints for table `contracted_clients`
--
ALTER TABLE `contracted_clients`
  ADD CONSTRAINT `contracted_clients_user_id_foreign` FOREIGN KEY (`user_id`) REFERENCES `users` (`id`) ON DELETE CASCADE;

--
-- Constraints for table `daily_team_assignments`
--
ALTER TABLE `daily_team_assignments`
  ADD CONSTRAINT `daily_team_assignments_car_id_foreign` FOREIGN KEY (`car_id`) REFERENCES `cars` (`id`),
  ADD CONSTRAINT `daily_team_assignments_contracted_client_id_foreign` FOREIGN KEY (`contracted_client_id`) REFERENCES `contracted_clients` (`id`);

--
-- Constraints for table `employees`
--
ALTER TABLE `employees`
  ADD CONSTRAINT `employees_user_id_foreign` FOREIGN KEY (`user_id`) REFERENCES `users` (`id`) ON DELETE CASCADE;

--
-- Constraints for table `employee_performance`
--
ALTER TABLE `employee_performance`
  ADD CONSTRAINT `employee_performance_employee_id_foreign` FOREIGN KEY (`employee_id`) REFERENCES `employees` (`id`) ON DELETE CASCADE;

--
-- Constraints for table `employee_watched_videos`
--
ALTER TABLE `employee_watched_videos`
  ADD CONSTRAINT `employee_watched_videos_training_video_id_foreign` FOREIGN KEY (`training_video_id`) REFERENCES `training_videos` (`id`) ON DELETE CASCADE,
  ADD CONSTRAINT `employee_watched_videos_user_id_foreign` FOREIGN KEY (`user_id`) REFERENCES `users` (`id`) ON DELETE CASCADE;

--
-- Constraints for table `feedback`
--
ALTER TABLE `feedback`
  ADD CONSTRAINT `feedback_client_id_foreign` FOREIGN KEY (`client_id`) REFERENCES `clients` (`id`) ON DELETE CASCADE;

--
-- Constraints for table `holidays`
--
ALTER TABLE `holidays`
  ADD CONSTRAINT `holidays_created_by_foreign` FOREIGN KEY (`created_by`) REFERENCES `users` (`id`) ON DELETE CASCADE;

--
-- Constraints for table `invalid_tasks`
--
ALTER TABLE `invalid_tasks`
  ADD CONSTRAINT `invalid_tasks_optimization_run_id_foreign` FOREIGN KEY (`optimization_run_id`) REFERENCES `optimization_runs` (`id`) ON DELETE CASCADE;

--
-- Constraints for table `locations`
--
ALTER TABLE `locations`
  ADD CONSTRAINT `locations_contracted_client_id_foreign` FOREIGN KEY (`contracted_client_id`) REFERENCES `contracted_clients` (`id`) ON DELETE CASCADE;

--
-- Constraints for table `notifications`
--
ALTER TABLE `notifications`
  ADD CONSTRAINT `notifications_user_id_foreign` FOREIGN KEY (`user_id`) REFERENCES `users` (`id`) ON DELETE CASCADE;

--
-- Constraints for table `optimization_generations`
--
ALTER TABLE `optimization_generations`
  ADD CONSTRAINT `optimization_generations_optimization_run_id_foreign` FOREIGN KEY (`optimization_run_id`) REFERENCES `optimization_runs` (`id`) ON DELETE CASCADE;

--
-- Constraints for table `optimization_runs`
--
ALTER TABLE `optimization_runs`
  ADD CONSTRAINT `optimization_runs_triggered_by_task_id_foreign` FOREIGN KEY (`triggered_by_task_id`) REFERENCES `tasks` (`id`) ON DELETE SET NULL;

--
-- Constraints for table `optimization_teams`
--
ALTER TABLE `optimization_teams`
  ADD CONSTRAINT `optimization_teams_car_id_foreign` FOREIGN KEY (`car_id`) REFERENCES `cars` (`id`) ON DELETE SET NULL,
  ADD CONSTRAINT `optimization_teams_optimization_run_id_foreign` FOREIGN KEY (`optimization_run_id`) REFERENCES `optimization_runs` (`id`) ON DELETE CASCADE;

--
-- Constraints for table `optimization_team_members`
--
ALTER TABLE `optimization_team_members`
  ADD CONSTRAINT `optimization_team_members_employee_id_foreign` FOREIGN KEY (`employee_id`) REFERENCES `employees` (`id`) ON DELETE CASCADE,
  ADD CONSTRAINT `optimization_team_members_optimization_team_id_foreign` FOREIGN KEY (`optimization_team_id`) REFERENCES `optimization_teams` (`id`) ON DELETE CASCADE;

--
-- Constraints for table `performance_flags`
--
ALTER TABLE `performance_flags`
  ADD CONSTRAINT `performance_flags_employee_id_foreign` FOREIGN KEY (`employee_id`) REFERENCES `employees` (`id`) ON DELETE SET NULL,
  ADD CONSTRAINT `performance_flags_reviewed_by_foreign` FOREIGN KEY (`reviewed_by`) REFERENCES `users` (`id`),
  ADD CONSTRAINT `performance_flags_task_id_foreign` FOREIGN KEY (`task_id`) REFERENCES `tasks` (`id`) ON DELETE CASCADE;

--
-- Constraints for table `push_tokens`
--
ALTER TABLE `push_tokens`
  ADD CONSTRAINT `push_tokens_user_id_foreign` FOREIGN KEY (`user_id`) REFERENCES `users` (`id`) ON DELETE CASCADE;

--
-- Constraints for table `quotations`
--
ALTER TABLE `quotations`
  ADD CONSTRAINT `quotations_appointment_id_foreign` FOREIGN KEY (`appointment_id`) REFERENCES `client_appointments` (`id`) ON DELETE SET NULL,
  ADD CONSTRAINT `quotations_converted_by_foreign` FOREIGN KEY (`converted_by`) REFERENCES `users` (`id`) ON DELETE SET NULL,
  ADD CONSTRAINT `quotations_quoted_by_foreign` FOREIGN KEY (`quoted_by`) REFERENCES `users` (`id`) ON DELETE SET NULL,
  ADD CONSTRAINT `quotations_reviewed_by_foreign` FOREIGN KEY (`reviewed_by`) REFERENCES `users` (`id`) ON DELETE SET NULL;

--
-- Constraints for table `tasks`
--
ALTER TABLE `tasks`
  ADD CONSTRAINT `tasks_client_id_foreign` FOREIGN KEY (`client_id`) REFERENCES `clients` (`id`),
  ADD CONSTRAINT `tasks_location_id_foreign` FOREIGN KEY (`location_id`) REFERENCES `locations` (`id`),
  ADD CONSTRAINT `tasks_optimization_run_id_foreign` FOREIGN KEY (`optimization_run_id`) REFERENCES `optimization_runs` (`id`) ON DELETE SET NULL;

--
-- Constraints for table `task_checklist_completions`
--
ALTER TABLE `task_checklist_completions`
  ADD CONSTRAINT `task_checklist_completions_checklist_item_id_foreign` FOREIGN KEY (`checklist_item_id`) REFERENCES `checklist_items` (`id`) ON DELETE CASCADE,
  ADD CONSTRAINT `task_checklist_completions_completed_by_foreign` FOREIGN KEY (`completed_by`) REFERENCES `users` (`id`) ON DELETE SET NULL,
  ADD CONSTRAINT `task_checklist_completions_task_id_foreign` FOREIGN KEY (`task_id`) REFERENCES `tasks` (`id`) ON DELETE CASCADE;

--
-- Constraints for table `task_reviews`
--
ALTER TABLE `task_reviews`
  ADD CONSTRAINT `task_reviews_contracted_client_id_foreign` FOREIGN KEY (`contracted_client_id`) REFERENCES `contracted_clients` (`id`) ON DELETE CASCADE,
  ADD CONSTRAINT `task_reviews_reviewer_user_id_foreign` FOREIGN KEY (`reviewer_user_id`) REFERENCES `users` (`id`) ON DELETE CASCADE,
  ADD CONSTRAINT `task_reviews_task_id_foreign` FOREIGN KEY (`task_id`) REFERENCES `tasks` (`id`) ON DELETE CASCADE;

--
-- Constraints for table `team_members`
--
ALTER TABLE `team_members`
  ADD CONSTRAINT `team_members_daily_team_id_foreign` FOREIGN KEY (`daily_team_id`) REFERENCES `daily_team_assignments` (`id`) ON DELETE CASCADE,
  ADD CONSTRAINT `team_members_employee_id_foreign` FOREIGN KEY (`employee_id`) REFERENCES `employees` (`id`) ON DELETE CASCADE;
COMMIT;

/*!40101 SET CHARACTER_SET_CLIENT=@OLD_CHARACTER_SET_CLIENT */;
/*!40101 SET CHARACTER_SET_RESULTS=@OLD_CHARACTER_SET_RESULTS */;
/*!40101 SET COLLATION_CONNECTION=@OLD_COLLATION_CONNECTION */;
